sequence,filename,quality,codec,model,true_class,original_pred,compressed_pred,original_confidence,compressed_confidence
1,AnnualCrop/AnnualCrop_2487.jpg,q6,cheng2020-attn,ViT-S/16,AnnualCrop,AnnualCrop,SeaLake,0.9982319474220276,0.9905868172645568
2,AnnualCrop/AnnualCrop_2998.jpg,q6,cheng2020-attn,ViT-S/16,AnnualCrop,AnnualCrop,SeaLake,0.9984704852104188,0.6413536667823792
3,AnnualCrop/AnnualCrop_2024.jpg,q6,cheng2020-attn,ViT-S/16,AnnualCrop,AnnualCrop,SeaLake,0.999789297580719,0.5491154193878174
4,AnnualCrop/AnnualCrop_2244.jpg,q6,cheng2020-attn,ViT-S/16,AnnualCrop,AnnualCrop,SeaLake,0.998073935508728,0.7246934771537781
5,AnnualCrop/AnnualCrop_495.jpg,q6,cheng2020-attn,ViT-S/16,AnnualCrop,AnnualCrop,SeaLake,0.9999552965164183,0.8440440893173218
6,AnnualCrop/AnnualCrop_96.jpg,q6,cheng2020-attn,ViT-S/16,AnnualCrop,AnnualCrop,SeaLake,0.9443779587745668,0.9486762285232544
7,AnnualCrop/AnnualCrop_2692.jpg,q6,cheng2020-attn,ViT-S/16,AnnualCrop,AnnualCrop,SeaLake,0.999524712562561,0.9758338332176208
8,Forest/Forest_2243.jpg,q6,cheng2020-attn,ViT-S/16,Forest,Forest,SeaLake,0.999969720840454,0.999957799911499
9,Forest/Forest_2043.jpg,q6,cheng2020-attn,ViT-S/16,Forest,Forest,SeaLake,0.9991990923881532,0.9967803955078124
10,Forest/Forest_2189.jpg,q6,cheng2020-attn,ViT-S/16,Forest,Forest,SeaLake,0.9999004602432252,0.999915361404419
11,Forest/Forest_937.jpg,q6,cheng2020-attn,ViT-S/16,Forest,Forest,SeaLake,0.9999737739562988,0.9999618530273438
12,Forest/Forest_2822.jpg,q6,cheng2020-attn,ViT-S/16,Forest,Forest,SeaLake,0.999969482421875,0.9999573230743408
13,Forest/Forest_178.jpg,q6,cheng2020-attn,ViT-S/16,Forest,Forest,SeaLake,0.9999678134918212,0.9999533891677856
14,Forest/Forest_767.jpg,q6,cheng2020-attn,ViT-S/16,Forest,Forest,SeaLake,0.9998829364776612,0.9993376135826112
15,Forest/Forest_1801.jpg,q6,cheng2020-attn,ViT-S/16,Forest,Forest,SeaLake,0.9999819993972778,0.9999648332595824
16,Forest/Forest_2465.jpg,q6,cheng2020-attn,ViT-S/16,Forest,Forest,SeaLake,0.999935269355774,0.9999538660049438
17,Forest/Forest_297.jpg,q6,cheng2020-attn,ViT-S/16,Forest,Forest,SeaLake,0.9999799728393556,0.9999693632125854
18,Forest/Forest_934.jpg,q6,cheng2020-attn,ViT-S/16,Forest,Forest,SeaLake,0.9999687671661376,0.9995396137237548
19,Forest/Forest_2319.jpg,q6,cheng2020-attn,ViT-S/16,Forest,Forest,SeaLake,0.9999678134918212,0.9999215602874756
20,Forest/Forest_2689.jpg,q6,cheng2020-attn,ViT-S/16,Forest,Forest,Pasture,0.9999459981918336,0.9998037219047546
21,Forest/Forest_614.jpg,q6,cheng2020-attn,ViT-S/16,Forest,Forest,SeaLake,0.999971866607666,0.9998339414596558
22,Forest/Forest_1007.jpg,q6,cheng2020-attn,ViT-S/16,Forest,Forest,SeaLake,0.9999356269836426,0.999648094177246
23,Forest/Forest_443.jpg,q6,cheng2020-attn,ViT-S/16,Forest,Forest,SeaLake,0.9999698400497437,0.9996769428253174
24,Forest/Forest_2204.jpg,q6,cheng2020-attn,ViT-S/16,Forest,Forest,SeaLake,0.9999818801879884,0.9999511241912842
25,Forest/Forest_2799.jpg,q6,cheng2020-attn,ViT-S/16,Forest,Forest,SeaLake,0.9998828172683716,0.969788670539856
26,Forest/Forest_2675.jpg,q6,cheng2020-attn,ViT-S/16,Forest,Forest,SeaLake,0.9988644123077391,0.999959111213684
27,Forest/Forest_2359.jpg,q6,cheng2020-attn,ViT-S/16,Forest,Forest,SeaLake,0.9999676942825316,0.999962568283081
28,Forest/Forest_2023.jpg,q6,cheng2020-attn,ViT-S/16,Forest,Forest,SeaLake,0.999524712562561,0.9993857145309448
29,Forest/Forest_29.jpg,q6,cheng2020-attn,ViT-S/16,Forest,Forest,SeaLake,0.999974250793457,0.9999642372131348
30,Forest/Forest_2484.jpg,q6,cheng2020-attn,ViT-S/16,Forest,Forest,SeaLake,0.9999207258224488,0.9999594688415528
31,Forest/Forest_956.jpg,q6,cheng2020-attn,ViT-S/16,Forest,Forest,SeaLake,0.9999277591705322,0.9999215602874756
32,Forest/Forest_1277.jpg,q6,cheng2020-attn,ViT-S/16,Forest,Forest,SeaLake,0.9999295473098756,0.9283339977264404
33,Forest/Forest_2665.jpg,q6,cheng2020-attn,ViT-S/16,Forest,Forest,SeaLake,0.9999785423278807,0.9999291896820068
34,Forest/Forest_2381.jpg,q6,cheng2020-attn,ViT-S/16,Forest,Forest,SeaLake,0.999976396560669,0.9999319314956664
35,Forest/Forest_2525.jpg,q6,cheng2020-attn,ViT-S/16,Forest,Forest,SeaLake,0.9999698400497437,0.9999504089355468
36,Forest/Forest_612.jpg,q6,cheng2020-attn,ViT-S/16,Forest,Forest,SeaLake,0.999970316886902,0.9999222755432128
37,Forest/Forest_199.jpg,q6,cheng2020-attn,ViT-S/16,Forest,Forest,SeaLake,0.9999762773513794,0.9999572038650512
38,Forest/Forest_427.jpg,q6,cheng2020-attn,ViT-S/16,Forest,Forest,SeaLake,0.9999473094940186,0.9987074136734008
39,Forest/Forest_1522.jpg,q6,cheng2020-attn,ViT-S/16,Forest,Forest,SeaLake,0.999098300933838,0.9995859265327454
40,Forest/Forest_751.jpg,q6,cheng2020-attn,ViT-S/16,Forest,Forest,SeaLake,0.9999678134918212,0.9999401569366456
41,Forest/Forest_2446.jpg,q6,cheng2020-attn,ViT-S/16,Forest,Forest,SeaLake,0.9999672174453736,0.9999732971191406
42,Forest/Forest_665.jpg,q6,cheng2020-attn,ViT-S/16,Forest,Forest,SeaLake,0.9999445676803588,0.947235643863678
43,Forest/Forest_2186.jpg,q6,cheng2020-attn,ViT-S/16,Forest,Forest,SeaLake,0.9999040365219116,0.999717891216278
44,Forest/Forest_1538.jpg,q6,cheng2020-attn,ViT-S/16,Forest,Forest,SeaLake,0.9999769926071168,0.9999275207519532
45,Forest/Forest_1919.jpg,q6,cheng2020-attn,ViT-S/16,Forest,Forest,SeaLake,0.9999749660491944,0.9999568462371826
46,Forest/Forest_1488.jpg,q6,cheng2020-attn,ViT-S/16,Forest,Forest,SeaLake,0.9999823570251464,0.999935507774353
47,Forest/Forest_1466.jpg,q6,cheng2020-attn,ViT-S/16,Forest,Forest,SeaLake,0.9999662637710572,0.9997121691703796
48,Forest/Forest_202.jpg,q6,cheng2020-attn,ViT-S/16,Forest,Forest,SeaLake,0.999982476234436,0.9998801946640016
49,Forest/Forest_1216.jpg,q6,cheng2020-attn,ViT-S/16,Forest,Forest,SeaLake,0.9999855756759644,0.9999256134033204
50,Forest/Forest_2515.jpg,q6,cheng2020-attn,ViT-S/16,Forest,Forest,SeaLake,0.9999212026596068,0.9999676942825316
51,Forest/Forest_1499.jpg,q6,cheng2020-attn,ViT-S/16,Forest,Forest,SeaLake,0.9999266862869264,0.9983928799629213
52,Forest/Forest_135.jpg,q6,cheng2020-attn,ViT-S/16,Forest,Forest,SeaLake,0.9999055862426758,0.9993454813957214
53,Forest/Forest_2896.jpg,q6,cheng2020-attn,ViT-S/16,Forest,Forest,SeaLake,0.9998120665550232,0.9999074935913086
54,Forest/Forest_1985.jpg,q6,cheng2020-attn,ViT-S/16,Forest,Forest,SeaLake,0.9998995065689088,0.9998762607574464
55,Forest/Forest_676.jpg,q6,cheng2020-attn,ViT-S/16,Forest,Forest,SeaLake,0.999975323677063,0.999968647956848
56,Forest/Forest_2065.jpg,q6,cheng2020-attn,ViT-S/16,Forest,Forest,SeaLake,0.9996387958526612,0.9999513626098632
57,Forest/Forest_2077.jpg,q6,cheng2020-attn,ViT-S/16,Forest,Forest,SeaLake,0.9999556541442872,0.9991055130958556
58,Forest/Forest_2191.jpg,q6,cheng2020-attn,ViT-S/16,Forest,Forest,SeaLake,0.9999626874923706,0.9999589920043944
59,Forest/Forest_1619.jpg,q6,cheng2020-attn,ViT-S/16,Forest,Forest,SeaLake,0.9999585151672364,0.9999645948410034
60,Forest/Forest_2985.jpg,q6,cheng2020-attn,ViT-S/16,Forest,Forest,SeaLake,0.9999818801879884,0.9999690055847168
61,Forest/Forest_499.jpg,q6,cheng2020-attn,ViT-S/16,Forest,Forest,SeaLake,0.9999347925186156,0.9999324083328248
62,Forest/Forest_2034.jpg,q6,cheng2020-attn,ViT-S/16,Forest,Forest,SeaLake,0.9999722242355348,0.9999674558639526
63,Forest/Forest_2961.jpg,q6,cheng2020-attn,ViT-S/16,Forest,Forest,SeaLake,0.9999241828918456,0.9998486042022704
64,Forest/Forest_75.jpg,q6,cheng2020-attn,ViT-S/16,Forest,Forest,SeaLake,0.9999468326568604,0.9999709129333496
65,Forest/Forest_40.jpg,q6,cheng2020-attn,ViT-S/16,Forest,Forest,SeaLake,0.9999457597732544,0.9998741149902344
66,Forest/Forest_1217.jpg,q6,cheng2020-attn,ViT-S/16,Forest,Forest,SeaLake,0.999964714050293,0.9999186992645264
67,Forest/Forest_819.jpg,q6,cheng2020-attn,ViT-S/16,Forest,Forest,SeaLake,0.9999244213104248,0.9984428286552428
68,Forest/Forest_1760.jpg,q6,cheng2020-attn,ViT-S/16,Forest,Forest,SeaLake,0.9999436140060424,0.9900147914886476
69,Forest/Forest_870.jpg,q6,cheng2020-attn,ViT-S/16,Forest,Forest,SeaLake,0.9998773336410522,0.9999624490737916
70,Forest/Forest_57.jpg,q6,cheng2020-attn,ViT-S/16,Forest,Forest,SeaLake,0.99993097782135,0.9999693632125854
71,Forest/Forest_161.jpg,q6,cheng2020-attn,ViT-S/16,Forest,Forest,SeaLake,0.9999542236328124,0.999954342842102
72,Forest/Forest_2577.jpg,q6,cheng2020-attn,ViT-S/16,Forest,Forest,SeaLake,0.999806582927704,0.9992209672927856
73,Forest/Forest_630.jpg,q6,cheng2020-attn,ViT-S/16,Forest,Forest,SeaLake,0.9998406171798706,0.9999581575393676
74,Forest/Forest_548.jpg,q6,cheng2020-attn,ViT-S/16,Forest,Forest,SeaLake,0.9999676942825316,0.9998645782470704
75,Forest/Forest_2291.jpg,q6,cheng2020-attn,ViT-S/16,Forest,Forest,SeaLake,0.9991790652275084,0.999149203300476
76,Forest/Forest_466.jpg,q6,cheng2020-attn,ViT-S/16,Forest,Forest,SeaLake,0.9999760389328004,0.9999040365219116
77,Forest/Forest_1772.jpg,q6,cheng2020-attn,ViT-S/16,Forest,Forest,SeaLake,0.9999759197235109,0.9999182224273682
78,Forest/Forest_1872.jpg,q6,cheng2020-attn,ViT-S/16,Forest,Forest,SeaLake,0.999873161315918,0.9999433755874634
79,Forest/Forest_1430.jpg,q6,cheng2020-attn,ViT-S/16,Forest,Forest,SeaLake,0.9987910389900208,0.9999158382415771
80,Forest/Forest_2617.jpg,q6,cheng2020-attn,ViT-S/16,Forest,Forest,SeaLake,0.9999563694000244,0.9999514818191528
81,Forest/Forest_1319.jpg,q6,cheng2020-attn,ViT-S/16,Forest,Forest,SeaLake,0.9999790191650392,0.9999606609344482
82,Forest/Forest_2283.jpg,q6,cheng2020-attn,ViT-S/16,Forest,Forest,SeaLake,0.9999713897705078,0.9999568462371826
83,Forest/Forest_1968.jpg,q6,cheng2020-attn,ViT-S/16,Forest,Forest,SeaLake,0.9999685287475586,0.9999654293060304
84,Forest/Forest_2657.jpg,q6,cheng2020-attn,ViT-S/16,Forest,Forest,SeaLake,0.9999059438705444,0.9999406337738036
85,Forest/Forest_1117.jpg,q6,cheng2020-attn,ViT-S/16,Forest,Forest,SeaLake,0.9999605417251588,0.9999593496322632
86,Forest/Forest_2096.jpg,q6,cheng2020-attn,ViT-S/16,Forest,Forest,SeaLake,0.9999661445617676,0.9998868703842164
87,Forest/Forest_1910.jpg,q6,cheng2020-attn,ViT-S/16,Forest,Forest,SeaLake,0.9999790191650392,0.9999668598175048
88,Forest/Forest_1376.jpg,q6,cheng2020-attn,ViT-S/16,Forest,Forest,SeaLake,0.9997738003730774,0.9998770952224731
89,Forest/Forest_2566.jpg,q6,cheng2020-attn,ViT-S/16,Forest,Forest,SeaLake,0.9999796152114868,0.999919295310974
90,Forest/Forest_1804.jpg,q6,cheng2020-attn,ViT-S/16,Forest,Forest,SeaLake,0.9998517036437988,0.998830258846283
91,Forest/Forest_311.jpg,q6,cheng2020-attn,ViT-S/16,Forest,Forest,SeaLake,0.999951720237732,0.999795138835907
92,Forest/Forest_2625.jpg,q6,cheng2020-attn,ViT-S/16,Forest,Forest,SeaLake,0.9999558925628662,0.999865174293518
93,Forest/Forest_1151.jpg,q6,cheng2020-attn,ViT-S/16,Forest,Forest,SeaLake,0.9999698400497437,0.99993634223938
94,Forest/Forest_2998.jpg,q6,cheng2020-attn,ViT-S/16,Forest,Forest,SeaLake,0.9999479055404664,0.9995591044425964
95,Forest/Forest_2350.jpg,q6,cheng2020-attn,ViT-S/16,Forest,Forest,SeaLake,0.9998138546943665,0.999671459197998
96,Forest/Forest_300.jpg,q6,cheng2020-attn,ViT-S/16,Forest,Forest,SeaLake,0.9999632835388184,0.9998416900634766
97,Forest/Forest_984.jpg,q6,cheng2020-attn,ViT-S/16,Forest,Forest,SeaLake,0.9999765157699584,0.999962329864502
98,Forest/Forest_743.jpg,q6,cheng2020-attn,ViT-S/16,Forest,Forest,SeaLake,0.9999685287475586,0.999911904335022
99,Forest/Forest_409.jpg,q6,cheng2020-attn,ViT-S/16,Forest,Forest,SeaLake,0.9999568462371826,0.9999418258666992
100,Forest/Forest_1415.jpg,q6,cheng2020-attn,ViT-S/16,Forest,Forest,SeaLake,0.9999668598175048,0.9999587535858154
101,Forest/Forest_866.jpg,q6,cheng2020-attn,ViT-S/16,Forest,Forest,SeaLake,0.999906063079834,0.9860790371894836
102,Forest/Forest_324.jpg,q6,cheng2020-attn,ViT-S/16,Forest,Forest,SeaLake,0.999953269958496,0.999936580657959
103,Forest/Forest_2824.jpg,q6,cheng2020-attn,ViT-S/16,Forest,Forest,SeaLake,0.9999604225158693,0.999947190284729
104,Forest/Forest_383.jpg,q6,cheng2020-attn,ViT-S/16,Forest,Forest,SeaLake,0.9999668598175048,0.9998586177825928
105,Forest/Forest_2685.jpg,q6,cheng2020-attn,ViT-S/16,Forest,Forest,SeaLake,0.9999831914901732,0.999935746192932
106,Forest/Forest_1618.jpg,q6,cheng2020-attn,ViT-S/16,Forest,Forest,SeaLake,0.9999555349349976,0.9999659061431884
107,Forest/Forest_2062.jpg,q6,cheng2020-attn,ViT-S/16,Forest,Forest,SeaLake,0.9999743700027466,0.999951720237732
108,Forest/Forest_2981.jpg,q6,cheng2020-attn,ViT-S/16,Forest,Forest,SeaLake,0.9999622106552124,0.9981270432472228
109,Forest/Forest_1827.jpg,q6,cheng2020-attn,ViT-S/16,Forest,Forest,SeaLake,0.9999656677246094,0.9999047517776488
110,Forest/Forest_2010.jpg,q6,cheng2020-attn,ViT-S/16,Forest,Forest,SeaLake,0.9999799728393556,0.9999673366546632
111,Forest/Forest_1118.jpg,q6,cheng2020-attn,ViT-S/16,Forest,Forest,SeaLake,0.9999747276306152,0.9999610185623168
112,Forest/Forest_2075.jpg,q6,cheng2020-attn,ViT-S/16,Forest,Forest,SeaLake,0.9999769926071168,0.9999648332595824
113,Forest/Forest_1811.jpg,q6,cheng2020-attn,ViT-S/16,Forest,Forest,SeaLake,0.999980330467224,0.9999451637268066
114,Forest/Forest_1111.jpg,q6,cheng2020-attn,ViT-S/16,Forest,Forest,SeaLake,0.999953031539917,0.9999687671661376
115,Forest/Forest_382.jpg,q6,cheng2020-attn,ViT-S/16,Forest,Forest,SeaLake,0.9999780654907228,0.9999728202819824
116,Forest/Forest_1302.jpg,q6,cheng2020-attn,ViT-S/16,Forest,Forest,SeaLake,0.999941110610962,0.9999401569366456
117,Forest/Forest_1615.jpg,q6,cheng2020-attn,ViT-S/16,Forest,Forest,SeaLake,0.99951434135437,0.7742974758148193
118,Forest/Forest_280.jpg,q6,cheng2020-attn,ViT-S/16,Forest,Forest,SeaLake,0.9999510049819946,0.9990285634994508
119,Forest/Forest_2635.jpg,q6,cheng2020-attn,ViT-S/16,Forest,Forest,SeaLake,0.999968409538269,0.9996991157531738
120,Forest/Forest_2530.jpg,q6,cheng2020-attn,ViT-S/16,Forest,Forest,SeaLake,0.9999746084213256,0.9999643564224244
121,Forest/Forest_2811.jpg,q6,cheng2020-attn,ViT-S/16,Forest,Forest,SeaLake,0.9999653100967408,0.9999678134918212
122,Forest/Forest_873.jpg,q6,cheng2020-attn,ViT-S/16,Forest,Forest,SeaLake,0.999936819076538,0.999631643295288
123,Forest/Forest_2823.jpg,q6,cheng2020-attn,ViT-S/16,Forest,Forest,SeaLake,0.9892669916152954,0.9780269861221312
124,Forest/Forest_2862.jpg,q6,cheng2020-attn,ViT-S/16,Forest,Forest,SeaLake,0.9999711513519288,0.999947190284729
125,Forest/Forest_369.jpg,q6,cheng2020-attn,ViT-S/16,Forest,Forest,SeaLake,0.9999549388885498,0.9999620914459229
126,Forest/Forest_2413.jpg,q6,cheng2020-attn,ViT-S/16,Forest,Forest,SeaLake,0.9999690055847168,0.999962568283081
127,Forest/Forest_1718.jpg,q6,cheng2020-attn,ViT-S/16,Forest,Forest,SeaLake,0.9999676942825316,0.9999597072601318
128,Forest/Forest_1501.jpg,q6,cheng2020-attn,ViT-S/16,Forest,Forest,SeaLake,0.9999419450759888,0.9999282360076904
129,Forest/Forest_2785.jpg,q6,cheng2020-attn,ViT-S/16,Forest,Forest,SeaLake,0.9952570796012878,0.9997707009315492
130,Forest/Forest_1033.jpg,q6,cheng2020-attn,ViT-S/16,Forest,Forest,SeaLake,0.9999237060546876,0.999947190284729
131,Forest/Forest_2321.jpg,q6,cheng2020-attn,ViT-S/16,Forest,Forest,SeaLake,0.9999607801437378,0.9999619722366332
132,Forest/Forest_1196.jpg,q6,cheng2020-attn,ViT-S/16,Forest,Forest,SeaLake,0.9999781847000122,0.999964714050293
133,Forest/Forest_582.jpg,q6,cheng2020-attn,ViT-S/16,Forest,Forest,SeaLake,0.999964952468872,0.9999606609344482
134,Forest/Forest_2661.jpg,q6,cheng2020-attn,ViT-S/16,Forest,Forest,SeaLake,0.9999514818191528,0.9998766183853148
135,Forest/Forest_2158.jpg,q6,cheng2020-attn,ViT-S/16,Forest,Forest,SeaLake,0.999972939491272,0.9998891353607178
136,Forest/Forest_1689.jpg,q6,cheng2020-attn,ViT-S/16,Forest,Forest,Pasture,0.9999582767486572,0.893807053565979
137,Forest/Forest_1515.jpg,q6,cheng2020-attn,ViT-S/16,Forest,Forest,SeaLake,0.9999648332595824,0.999618649482727
138,Forest/Forest_2063.jpg,q6,cheng2020-attn,ViT-S/16,Forest,Forest,SeaLake,0.9999438524246216,0.9837831854820251
139,Forest/Forest_2803.jpg,q6,cheng2020-attn,ViT-S/16,Forest,Forest,Pasture,0.9999003410339355,0.9809271097183228
140,Forest/Forest_1613.jpg,q6,cheng2020-attn,ViT-S/16,Forest,Forest,SeaLake,0.9999512434005736,0.9998822212219238
141,Forest/Forest_963.jpg,q6,cheng2020-attn,ViT-S/16,Forest,Forest,SeaLake,0.9999651908874512,0.9998972415924072
142,Forest/Forest_1637.jpg,q6,cheng2020-attn,ViT-S/16,Forest,Forest,SeaLake,0.9999730587005616,0.9991693496704102
143,Forest/Forest_838.jpg,q6,cheng2020-attn,ViT-S/16,Forest,Forest,SeaLake,0.9999655485153198,0.999964714050293
144,Forest/Forest_2980.jpg,q6,cheng2020-attn,ViT-S/16,Forest,Forest,SeaLake,0.9999775886535645,0.9999468326568604
145,Forest/Forest_641.jpg,q6,cheng2020-attn,ViT-S/16,Forest,Forest,SeaLake,0.999909520149231,0.999935269355774
146,Forest/Forest_2793.jpg,q6,cheng2020-attn,ViT-S/16,Forest,Forest,SeaLake,0.9994844198226928,0.9999573230743408
147,Forest/Forest_995.jpg,q6,cheng2020-attn,ViT-S/16,Forest,Forest,SeaLake,0.9999666213989258,0.9999405145645142
148,Forest/Forest_2558.jpg,q6,cheng2020-attn,ViT-S/16,Forest,Forest,SeaLake,0.9999457597732544,0.9999734163284302
149,Forest/Forest_2412.jpg,q6,cheng2020-attn,ViT-S/16,Forest,Forest,SeaLake,0.999950647354126,0.9996209144592284
150,Forest/Forest_417.jpg,q6,cheng2020-attn,ViT-S/16,Forest,Forest,SeaLake,0.9999771118164062,0.9999628067016602
151,Forest/Forest_1506.jpg,q6,cheng2020-attn,ViT-S/16,Forest,Forest,SeaLake,0.9998856782913208,0.9994599223136902
152,Forest/Forest_497.jpg,q6,cheng2020-attn,ViT-S/16,Forest,Forest,SeaLake,0.9999799728393556,0.9999353885650636
153,Forest/Forest_854.jpg,q6,cheng2020-attn,ViT-S/16,Forest,Forest,SeaLake,0.9999781847000122,0.9999535083770752
154,Forest/Forest_747.jpg,q6,cheng2020-attn,ViT-S/16,Forest,Forest,SeaLake,0.999962329864502,0.9999488592147828
155,Forest/Forest_2882.jpg,q6,cheng2020-attn,ViT-S/16,Forest,Forest,SeaLake,0.9999672174453736,0.999970316886902
156,Forest/Forest_152.jpg,q6,cheng2020-attn,ViT-S/16,Forest,Forest,SeaLake,0.9999407529830932,0.9998385906219482
157,Forest/Forest_2375.jpg,q6,cheng2020-attn,ViT-S/16,Forest,Forest,SeaLake,0.9999743700027466,0.9999054670333862
158,Forest/Forest_1673.jpg,q6,cheng2020-attn,ViT-S/16,Forest,Forest,SeaLake,0.9999804496765136,0.9999557733535768
159,Forest/Forest_143.jpg,q6,cheng2020-attn,ViT-S/16,Forest,Forest,SeaLake,0.999969244003296,0.9999169111251832
160,Forest/Forest_2123.jpg,q6,cheng2020-attn,ViT-S/16,Forest,Forest,SeaLake,0.999961256980896,0.9939331412315368
161,Forest/Forest_1879.jpg,q6,cheng2020-attn,ViT-S/16,Forest,Forest,SeaLake,0.9999614953994752,0.9999570846557616
162,Forest/Forest_1432.jpg,q6,cheng2020-attn,ViT-S/16,Forest,Forest,SeaLake,0.9999598264694214,0.9999388456344604
163,Forest/Forest_2152.jpg,q6,cheng2020-attn,ViT-S/16,Forest,Forest,SeaLake,0.9999399185180664,0.956174612045288
164,Forest/Forest_1492.jpg,q6,cheng2020-attn,ViT-S/16,Forest,Forest,SeaLake,0.9999688863754272,0.9999537467956544
165,Forest/Forest_1310.jpg,q6,cheng2020-attn,ViT-S/16,Forest,Forest,SeaLake,0.9999635219573976,0.9998952150344848
166,Forest/Forest_474.jpg,q6,cheng2020-attn,ViT-S/16,Forest,Forest,SeaLake,0.9999710321426392,0.9999599456787108
167,Forest/Forest_563.jpg,q6,cheng2020-attn,ViT-S/16,Forest,Forest,SeaLake,0.9999741315841676,0.999948501586914
168,Forest/Forest_2095.jpg,q6,cheng2020-attn,ViT-S/16,Forest,Forest,SeaLake,0.9998345375061036,0.9996929168701172
169,Forest/Forest_1634.jpg,q6,cheng2020-attn,ViT-S/16,Forest,Forest,SeaLake,0.99996018409729,0.999950647354126
170,Forest/Forest_574.jpg,q6,cheng2020-attn,ViT-S/16,Forest,Forest,SeaLake,0.9999810457229614,0.9999648332595824
171,Forest/Forest_92.jpg,q6,cheng2020-attn,ViT-S/16,Forest,Forest,SeaLake,0.99996018409729,0.9999725818634032
172,Forest/Forest_2296.jpg,q6,cheng2020-attn,ViT-S/16,Forest,Forest,SeaLake,0.9999572038650512,0.9999676942825316
173,Forest/Forest_2281.jpg,q6,cheng2020-attn,ViT-S/16,Forest,Forest,SeaLake,0.999963879585266,0.9997991919517516
174,Forest/Forest_1419.jpg,q6,cheng2020-attn,ViT-S/16,Forest,Forest,SeaLake,0.9999735355377196,0.999932050704956
175,Forest/Forest_462.jpg,q6,cheng2020-attn,ViT-S/16,Forest,Forest,SeaLake,0.9999711513519288,0.9998849630355836
176,Forest/Forest_2445.jpg,q6,cheng2020-attn,ViT-S/16,Forest,Forest,SeaLake,0.9999781847000122,0.999969720840454
177,Forest/Forest_551.jpg,q6,cheng2020-attn,ViT-S/16,Forest,Forest,SeaLake,0.9999682903289796,0.9997578263282776
178,Forest/Forest_2430.jpg,q6,cheng2020-attn,ViT-S/16,Forest,Forest,SeaLake,0.9998518228530884,0.9998395442962646
179,Forest/Forest_955.jpg,q6,cheng2020-attn,ViT-S/16,Forest,Forest,SeaLake,0.9999774694442748,0.999958872795105
180,Forest/Forest_2153.jpg,q6,cheng2020-attn,ViT-S/16,Forest,Forest,SeaLake,0.9999619722366332,0.9998569488525392
181,Forest/Forest_654.jpg,q6,cheng2020-attn,ViT-S/16,Forest,Forest,SeaLake,0.9965606331825256,0.9980533123016356
182,Forest/Forest_2944.jpg,q6,cheng2020-attn,ViT-S/16,Forest,Forest,SeaLake,0.99993896484375,0.9999185800552368
183,Forest/Forest_2802.jpg,q6,cheng2020-attn,ViT-S/16,Forest,Forest,SeaLake,0.9999550580978394,0.9998701810836792
184,Forest/Forest_1966.jpg,q6,cheng2020-attn,ViT-S/16,Forest,Forest,SeaLake,0.999440848827362,0.9992356300354004
185,Forest/Forest_887.jpg,q6,cheng2020-attn,ViT-S/16,Forest,Forest,SeaLake,0.9999375343322754,0.9999648332595824
186,Forest/Forest_2686.jpg,q6,cheng2020-attn,ViT-S/16,Forest,Forest,SeaLake,0.9990515112876892,0.999908208847046
187,Forest/Forest_1725.jpg,q6,cheng2020-attn,ViT-S/16,Forest,Forest,Pasture,0.999930500984192,0.5609959959983826
188,Forest/Forest_220.jpg,q6,cheng2020-attn,ViT-S/16,Forest,Forest,SeaLake,0.9999388456344604,0.9999172687530518
189,Forest/Forest_2347.jpg,q6,cheng2020-attn,ViT-S/16,Forest,Forest,SeaLake,0.9999525547027588,0.9999345541000366
190,Forest/Forest_1688.jpg,q6,cheng2020-attn,ViT-S/16,Forest,Forest,SeaLake,0.9999099969863892,0.9999337196350098
191,Forest/Forest_850.jpg,q6,cheng2020-attn,ViT-S/16,Forest,Forest,SeaLake,0.9982678890228271,0.9997052550315856
192,Forest/Forest_1373.jpg,q6,cheng2020-attn,ViT-S/16,Forest,Forest,SeaLake,0.9998346567153932,0.9999141693115234
193,Forest/Forest_426.jpg,q6,cheng2020-attn,ViT-S/16,Forest,Forest,SeaLake,0.9999243021011353,0.9999668598175048
194,Forest/Forest_2024.jpg,q6,cheng2020-attn,ViT-S/16,Forest,Forest,SeaLake,0.9999805688858032,0.9999397993087769
195,Forest/Forest_1757.jpg,q6,cheng2020-attn,ViT-S/16,Forest,Forest,SeaLake,0.9999330043792723,0.999800145626068
196,Forest/Forest_1790.jpg,q6,cheng2020-attn,ViT-S/16,Forest,Forest,SeaLake,0.9999582767486572,0.9975234866142272
197,Forest/Forest_1014.jpg,q6,cheng2020-attn,ViT-S/16,Forest,Forest,SeaLake,0.9999642372131348,0.9997747540473938
198,Forest/Forest_2431.jpg,q6,cheng2020-attn,ViT-S/16,Forest,Forest,SeaLake,0.9999827146530152,0.9999738931655884
199,Forest/Forest_2582.jpg,q6,cheng2020-attn,ViT-S/16,Forest,Forest,SeaLake,0.9999589920043944,0.9999673366546632
200,Forest/Forest_884.jpg,q6,cheng2020-attn,ViT-S/16,Forest,Forest,SeaLake,0.99994957447052,0.9999624490737916
201,Forest/Forest_2656.jpg,q6,cheng2020-attn,ViT-S/16,Forest,Forest,SeaLake,0.999980926513672,0.9985404014587402
202,Forest/Forest_1726.jpg,q6,cheng2020-attn,ViT-S/16,Forest,Forest,SeaLake,0.999969482421875,0.9999470710754396
203,Forest/Forest_562.jpg,q6,cheng2020-attn,ViT-S/16,Forest,Forest,SeaLake,0.9999505281448364,0.9999274015426636
204,Forest/Forest_1105.jpg,q6,cheng2020-attn,ViT-S/16,Forest,Forest,SeaLake,0.9999738931655884,0.999906063079834
205,Forest/Forest_915.jpg,q6,cheng2020-attn,ViT-S/16,Forest,Forest,SeaLake,0.9999604225158693,0.9998584985733032
206,Forest/Forest_2592.jpg,q6,cheng2020-attn,ViT-S/16,Forest,Forest,SeaLake,0.9997668862342834,0.9997197985649108
207,Forest/Forest_721.jpg,q6,cheng2020-attn,ViT-S/16,Forest,Forest,SeaLake,0.9999364614486694,0.999669075012207
208,Forest/Forest_66.jpg,q6,cheng2020-attn,ViT-S/16,Forest,Forest,SeaLake,0.9999804496765136,0.9999125003814696
209,Forest/Forest_1686.jpg,q6,cheng2020-attn,ViT-S/16,Forest,Forest,SeaLake,0.9999616146087646,0.9999674558639526
210,Forest/Forest_1679.jpg,q6,cheng2020-attn,ViT-S/16,Forest,Forest,SeaLake,0.9921894073486328,0.9997748732566832
211,Forest/Forest_62.jpg,q6,cheng2020-attn,ViT-S/16,Forest,Forest,Pasture,0.9999445676803588,0.5181757211685181
212,Forest/Forest_2492.jpg,q6,cheng2020-attn,ViT-S/16,Forest,Forest,SeaLake,0.9999648332595824,0.999955415725708
213,Forest/Forest_1853.jpg,q6,cheng2020-attn,ViT-S/16,Forest,Forest,SeaLake,0.9999713897705078,0.9998842477798462
214,Forest/Forest_2701.jpg,q6,cheng2020-attn,ViT-S/16,Forest,Forest,SeaLake,0.9999531507492064,0.9999663829803468
215,Forest/Forest_2570.jpg,q6,cheng2020-attn,ViT-S/16,Forest,Forest,SeaLake,0.9999449253082277,0.9998754262924194
216,Forest/Forest_362.jpg,q6,cheng2020-attn,ViT-S/16,Forest,Forest,SeaLake,0.999930739402771,0.9987269043922424
217,Forest/Forest_2218.jpg,q6,cheng2020-attn,ViT-S/16,Forest,Forest,SeaLake,0.9999676942825316,0.9998712539672852
218,Forest/Forest_1589.jpg,q6,cheng2020-attn,ViT-S/16,Forest,Forest,SeaLake,0.9997518658638,0.9998787641525269
219,Forest/Forest_332.jpg,q6,cheng2020-attn,ViT-S/16,Forest,Forest,SeaLake,0.9999678134918212,0.9999549388885498
220,Forest/Forest_1641.jpg,q6,cheng2020-attn,ViT-S/16,Forest,Forest,SeaLake,0.9999672174453736,0.9995885491371156
221,Forest/Forest_2900.jpg,q6,cheng2020-attn,ViT-S/16,Forest,Forest,SeaLake,0.9996867179870604,0.9982524514198304
222,Forest/Forest_1899.jpg,q6,cheng2020-attn,ViT-S/16,Forest,Forest,SeaLake,0.9999643564224244,0.9998725652694702
223,Forest/Forest_1604.jpg,q6,cheng2020-attn,ViT-S/16,Forest,Forest,SeaLake,0.999975562095642,0.999969482421875
224,Forest/Forest_847.jpg,q6,cheng2020-attn,ViT-S/16,Forest,Forest,SeaLake,0.999902606010437,0.986622989177704
225,Forest/Forest_688.jpg,q6,cheng2020-attn,ViT-S/16,Forest,Forest,SeaLake,0.9999797344207764,0.9997405409812928
226,Forest/Forest_805.jpg,q6,cheng2020-attn,ViT-S/16,Forest,Forest,Pasture,0.9999512434005736,0.959672510623932
227,Forest/Forest_1081.jpg,q6,cheng2020-attn,ViT-S/16,Forest,Forest,SeaLake,0.9999711513519288,0.9934797286987304
228,Forest/Forest_1422.jpg,q6,cheng2020-attn,ViT-S/16,Forest,Forest,SeaLake,0.9999536275863647,0.9999229907989502
229,Forest/Forest_1163.jpg,q6,cheng2020-attn,ViT-S/16,Forest,Forest,SeaLake,0.9999562501907348,0.999629020690918
230,Forest/Forest_2104.jpg,q6,cheng2020-attn,ViT-S/16,Forest,Forest,SeaLake,0.999984622001648,0.9999572038650512
231,Forest/Forest_1246.jpg,q6,cheng2020-attn,ViT-S/16,Forest,Forest,SeaLake,0.999969482421875,0.9999617338180542
232,Forest/Forest_2174.jpg,q6,cheng2020-attn,ViT-S/16,Forest,Forest,SeaLake,0.9971326589584352,0.9838101863861084
233,Forest/Forest_2667.jpg,q6,cheng2020-attn,ViT-S/16,Forest,Forest,SeaLake,0.9999637603759766,0.999929904937744
234,Forest/Forest_2613.jpg,q6,cheng2020-attn,ViT-S/16,Forest,Forest,SeaLake,0.9999111890792848,0.9994423985481262
235,Forest/Forest_1358.jpg,q6,cheng2020-attn,ViT-S/16,Forest,Forest,SeaLake,0.9999793767929076,0.9999679327011108
236,Forest/Forest_2754.jpg,q6,cheng2020-attn,ViT-S/16,Forest,Forest,SeaLake,0.9999511241912842,0.9999696016311646
237,Forest/Forest_807.jpg,q6,cheng2020-attn,ViT-S/16,Forest,Forest,SeaLake,0.9999516010284424,0.9999450445175172
238,Forest/Forest_278.jpg,q6,cheng2020-attn,ViT-S/16,Forest,Forest,SeaLake,0.9999850988388062,0.999968647956848
239,Forest/Forest_944.jpg,q6,cheng2020-attn,ViT-S/16,Forest,Forest,SeaLake,0.9999738931655884,0.9999710321426392
240,Forest/Forest_1761.jpg,q6,cheng2020-attn,ViT-S/16,Forest,Forest,SeaLake,0.9999433755874634,0.9999293088912964
241,Forest/Forest_2678.jpg,q6,cheng2020-attn,ViT-S/16,Forest,Forest,SeaLake,0.9999337196350098,0.9999265670776368
242,Forest/Forest_2263.jpg,q6,cheng2020-attn,ViT-S/16,Forest,Forest,SeaLake,0.9999492168426514,0.9981306195259094
243,Forest/Forest_2148.jpg,q6,cheng2020-attn,ViT-S/16,Forest,Forest,SeaLake,0.9999668598175048,0.9999337196350098
244,Forest/Forest_2282.jpg,q6,cheng2020-attn,ViT-S/16,Forest,Forest,SeaLake,0.999970316886902,0.999969720840454
245,Forest/Forest_1520.jpg,q6,cheng2020-attn,ViT-S/16,Forest,Forest,SeaLake,0.9999606609344482,0.9995198249816896
246,Forest/Forest_1426.jpg,q6,cheng2020-attn,ViT-S/16,Forest,Forest,SeaLake,0.9999840259552002,0.9999500513076782
247,Forest/Forest_990.jpg,q6,cheng2020-attn,ViT-S/16,Forest,Forest,Pasture,0.9995768666267396,0.7390806078910828
248,Forest/Forest_2531.jpg,q6,cheng2020-attn,ViT-S/16,Forest,Forest,SeaLake,0.9349366426467896,0.9960732460021972
249,Forest/Forest_2088.jpg,q6,cheng2020-attn,ViT-S/16,Forest,Forest,SeaLake,0.9999775886535645,0.9999699592590332
250,Forest/Forest_1384.jpg,q6,cheng2020-attn,ViT-S/16,Forest,Forest,SeaLake,0.9999836683273317,0.9999027252197266
251,Forest/Forest_2779.jpg,q6,cheng2020-attn,ViT-S/16,Forest,Forest,SeaLake,0.9999774694442748,0.9999490976333618
252,Forest/Forest_1089.jpg,q6,cheng2020-attn,ViT-S/16,Forest,Forest,SeaLake,0.9999624490737916,0.999930500984192
253,Forest/Forest_227.jpg,q6,cheng2020-attn,ViT-S/16,Forest,Forest,SeaLake,0.9999473094940186,0.9999228715896606
254,Forest/Forest_1554.jpg,q6,cheng2020-attn,ViT-S/16,Forest,Forest,SeaLake,0.9999567270278932,0.9995273351669312
255,Forest/Forest_2843.jpg,q6,cheng2020-attn,ViT-S/16,Forest,Forest,SeaLake,0.9999608993530272,0.999967098236084
256,Forest/Forest_468.jpg,q6,cheng2020-attn,ViT-S/16,Forest,Forest,SeaLake,0.9999802112579346,0.9999266862869264
257,Forest/Forest_803.jpg,q6,cheng2020-attn,ViT-S/16,Forest,Forest,SeaLake,0.9998719692230223,0.999946117401123
258,Forest/Forest_2705.jpg,q6,cheng2020-attn,ViT-S/16,Forest,Forest,SeaLake,0.9999599456787108,0.9999055862426758
259,Forest/Forest_2440.jpg,q6,cheng2020-attn,ViT-S/16,Forest,Forest,Pasture,0.9998169541358948,0.9580801725387572
260,Forest/Forest_2378.jpg,q6,cheng2020-attn,ViT-S/16,Forest,Forest,SeaLake,0.9999722242355348,0.9999594688415528
261,Forest/Forest_2641.jpg,q6,cheng2020-attn,ViT-S/16,Forest,Forest,SeaLake,0.9998143315315248,0.9999431371688844
262,Forest/Forest_1813.jpg,q6,cheng2020-attn,ViT-S/16,Forest,Forest,SeaLake,0.9999743700027466,0.9997876286506652
263,Forest/Forest_419.jpg,q6,cheng2020-attn,ViT-S/16,Forest,Forest,Pasture,0.999945878982544,0.9983274340629578
264,Forest/Forest_438.jpg,q6,cheng2020-attn,ViT-S/16,Forest,Forest,SeaLake,0.9999706745147704,0.999975085258484
265,Forest/Forest_355.jpg,q6,cheng2020-attn,ViT-S/16,Forest,Forest,SeaLake,0.9999603033065796,0.9999693632125854
266,Forest/Forest_2910.jpg,q6,cheng2020-attn,ViT-S/16,Forest,Forest,SeaLake,0.9998979568481444,0.9977574944496156
267,Forest/Forest_2881.jpg,q6,cheng2020-attn,ViT-S/16,Forest,Forest,SeaLake,0.999980330467224,0.9999687671661376
268,Forest/Forest_1817.jpg,q6,cheng2020-attn,ViT-S/16,Forest,Forest,SeaLake,0.9999587535858154,0.9994705319404602
269,Forest/Forest_1952.jpg,q6,cheng2020-attn,ViT-S/16,Forest,Forest,SeaLake,0.999951958656311,0.9999775886535645
270,Forest/Forest_1361.jpg,q6,cheng2020-attn,ViT-S/16,Forest,Forest,SeaLake,0.9999673366546632,0.9998672008514404
271,Forest/Forest_1037.jpg,q6,cheng2020-attn,ViT-S/16,Forest,Forest,SeaLake,0.9999434947967528,0.9999570846557616
272,Forest/Forest_1389.jpg,q6,cheng2020-attn,ViT-S/16,Forest,Forest,Pasture,0.9999383687973022,0.9097989201545716
273,Forest/Forest_909.jpg,q6,cheng2020-attn,ViT-S/16,Forest,Forest,SeaLake,0.9999828338623048,0.9999489784240724
274,Forest/Forest_2220.jpg,q6,cheng2020-attn,ViT-S/16,Forest,Forest,SeaLake,0.9999768733978271,0.9997972846031188
275,Forest/Forest_2471.jpg,q6,cheng2020-attn,ViT-S/16,Forest,Forest,SeaLake,0.999981164932251,0.9999614953994752
276,Forest/Forest_683.jpg,q6,cheng2020-attn,ViT-S/16,Forest,Forest,SeaLake,0.9998642206192015,0.9997029900550842
277,Forest/Forest_796.jpg,q6,cheng2020-attn,ViT-S/16,Forest,Forest,SeaLake,0.99992835521698,0.999658465385437
278,Forest/Forest_677.jpg,q6,cheng2020-attn,ViT-S/16,Forest,Forest,SeaLake,0.9999535083770752,0.9999669790267944
279,Forest/Forest_374.jpg,q6,cheng2020-attn,ViT-S/16,Forest,Forest,SeaLake,0.9999414682388306,0.9999550580978394
280,Forest/Forest_1161.jpg,q6,cheng2020-attn,ViT-S/16,Forest,Forest,SeaLake,0.9999772310256958,0.9999593496322632
281,Forest/Forest_557.jpg,q6,cheng2020-attn,ViT-S/16,Forest,Forest,SeaLake,0.9999566078186036,0.9998877048492432
282,Forest/Forest_684.jpg,q6,cheng2020-attn,ViT-S/16,Forest,Forest,SeaLake,0.9999727010726928,0.999911904335022
283,Forest/Forest_1611.jpg,q6,cheng2020-attn,ViT-S/16,Forest,Forest,SeaLake,0.9999502897262572,0.9999531507492064
284,Forest/Forest_2307.jpg,q6,cheng2020-attn,ViT-S/16,Forest,Forest,SeaLake,0.9997794032096864,0.9998657703399658
285,Forest/Forest_749.jpg,q6,cheng2020-attn,ViT-S/16,Forest,Forest,Pasture,0.9998763799667358,0.934190034866333
286,Forest/Forest_722.jpg,q6,cheng2020-attn,ViT-S/16,Forest,Forest,SeaLake,0.9999338388442992,0.9998321533203124
287,Forest/Forest_1913.jpg,q6,cheng2020-attn,ViT-S/16,Forest,Forest,SeaLake,0.9999403953552246,0.9999369382858276
288,Forest/Forest_1400.jpg,q6,cheng2020-attn,ViT-S/16,Forest,Forest,SeaLake,0.9999263286590576,0.9998539686203004
289,Forest/Forest_1311.jpg,q6,cheng2020-attn,ViT-S/16,Forest,Forest,SeaLake,0.9999706745147704,0.9999275207519532
290,Forest/Forest_650.jpg,q6,cheng2020-attn,ViT-S/16,Forest,Forest,SeaLake,0.9999693632125854,0.99997079372406
291,Forest/Forest_981.jpg,q6,cheng2020-attn,ViT-S/16,Forest,Forest,SeaLake,0.9999551773071288,0.999931812286377
292,Forest/Forest_2979.jpg,q6,cheng2020-attn,ViT-S/16,Forest,Forest,SeaLake,0.9999610185623168,0.99995756149292
293,Forest/Forest_2323.jpg,q6,cheng2020-attn,ViT-S/16,Forest,Forest,SeaLake,0.9999837875366212,0.9999622106552124
294,Forest/Forest_1133.jpg,q6,cheng2020-attn,ViT-S/16,Forest,Forest,SeaLake,0.9999654293060304,0.9999487400054932
295,Forest/Forest_301.jpg,q6,cheng2020-attn,ViT-S/16,Forest,Forest,SeaLake,0.9999560117721558,0.9999324083328248
296,Forest/Forest_2540.jpg,q6,cheng2020-attn,ViT-S/16,Forest,Forest,SeaLake,0.9999821186065674,0.9999617338180542
297,Forest/Forest_849.jpg,q6,cheng2020-attn,ViT-S/16,Forest,Forest,SeaLake,0.999019980430603,0.9982642531394958
298,Forest/Forest_2867.jpg,q6,cheng2020-attn,ViT-S/16,Forest,Forest,SeaLake,0.999956488609314,0.9999572038650512
299,Forest/Forest_2969.jpg,q6,cheng2020-attn,ViT-S/16,Forest,Forest,SeaLake,0.99997079372406,0.9999648332595824
300,Forest/Forest_2476.jpg,q6,cheng2020-attn,ViT-S/16,Forest,Forest,SeaLake,0.9999643564224244,0.7034255266189575
301,Forest/Forest_444.jpg,q6,cheng2020-attn,ViT-S/16,Forest,Forest,SeaLake,0.9999675750732422,0.9920145273208618
302,Forest/Forest_900.jpg,q6,cheng2020-attn,ViT-S/16,Forest,Forest,SeaLake,0.9999752044677734,0.9998570680618286
303,Forest/Forest_954.jpg,q6,cheng2020-attn,ViT-S/16,Forest,Forest,SeaLake,0.9998880624771118,0.996630847454071
304,Forest/Forest_2654.jpg,q6,cheng2020-attn,ViT-S/16,Forest,Forest,SeaLake,0.9998630285263062,0.9998601675033568
305,Forest/Forest_1270.jpg,q6,cheng2020-attn,ViT-S/16,Forest,Forest,SeaLake,0.999963402748108,0.9999163150787354
306,Forest/Forest_2389.jpg,q6,cheng2020-attn,ViT-S/16,Forest,Forest,SeaLake,0.9999618530273438,0.9998605251312256
307,Forest/Forest_2559.jpg,q6,cheng2020-attn,ViT-S/16,Forest,Forest,SeaLake,0.9999685287475586,0.8705077767372131
308,Forest/Forest_98.jpg,q6,cheng2020-attn,ViT-S/16,Forest,Forest,SeaLake,0.9999791383743286,0.9999642372131348
309,Forest/Forest_726.jpg,q6,cheng2020-attn,ViT-S/16,Forest,Forest,SeaLake,0.999981164932251,0.9999403953552246
310,Forest/Forest_193.jpg,q6,cheng2020-attn,ViT-S/16,Forest,Forest,SeaLake,0.999964952468872,0.9893359541893004
311,Forest/Forest_1891.jpg,q6,cheng2020-attn,ViT-S/16,Forest,Forest,SeaLake,0.9999666213989258,0.9999599456787108
312,Forest/Forest_2114.jpg,q6,cheng2020-attn,ViT-S/16,Forest,Forest,SeaLake,0.999967098236084,0.9999626874923706
313,Forest/Forest_633.jpg,q6,cheng2020-attn,ViT-S/16,Forest,Forest,SeaLake,0.9999758005142212,0.9999667406082152
314,Forest/Forest_1511.jpg,q6,cheng2020-attn,ViT-S/16,Forest,Forest,SeaLake,0.9999704360961914,0.9999016523361206
315,Forest/Forest_284.jpg,q6,cheng2020-attn,ViT-S/16,Forest,Forest,SeaLake,0.99995219707489,0.999969482421875
316,Forest/Forest_78.jpg,q6,cheng2020-attn,ViT-S/16,Forest,Forest,SeaLake,0.9993882179260254,0.999962329864502
317,Forest/Forest_2506.jpg,q6,cheng2020-attn,ViT-S/16,Forest,Forest,SeaLake,0.9999397993087769,0.9999270439147948
318,Forest/Forest_1253.jpg,q6,cheng2020-attn,ViT-S/16,Forest,Forest,SeaLake,0.9999799728393556,0.9997681975364684
319,Forest/Forest_852.jpg,q6,cheng2020-attn,ViT-S/16,Forest,Forest,SeaLake,0.9999488592147828,0.9996503591537476
320,Forest/Forest_897.jpg,q6,cheng2020-attn,ViT-S/16,Forest,Forest,SeaLake,0.9998950958251952,0.9999549388885498
321,Forest/Forest_2614.jpg,q6,cheng2020-attn,ViT-S/16,Forest,Forest,SeaLake,0.999968647956848,0.9999542236328124
322,Forest/Forest_1771.jpg,q6,cheng2020-attn,ViT-S/16,Forest,Forest,SeaLake,0.9999680519104004,0.9999585151672364
323,Forest/Forest_270.jpg,q6,cheng2020-attn,ViT-S/16,Forest,Forest,SeaLake,0.9999690055847168,0.9999631643295288
324,Forest/Forest_1098.jpg,q6,cheng2020-attn,ViT-S/16,Forest,Forest,SeaLake,0.9998573064804076,0.9990928173065186
325,Forest/Forest_326.jpg,q6,cheng2020-attn,ViT-S/16,Forest,Forest,SeaLake,0.99994695186615,0.999935269355774
326,Forest/Forest_811.jpg,q6,cheng2020-attn,ViT-S/16,Forest,Forest,SeaLake,0.9999724626541138,0.9999183416366576
327,Forest/Forest_1661.jpg,q6,cheng2020-attn,ViT-S/16,Forest,Forest,SeaLake,0.999956488609314,0.999661922454834
328,Forest/Forest_309.jpg,q6,cheng2020-attn,ViT-S/16,Forest,Forest,SeaLake,0.9999749660491944,0.999935507774353
329,Forest/Forest_481.jpg,q6,cheng2020-attn,ViT-S/16,Forest,Forest,SeaLake,0.9999746084213256,0.9999120235443116
330,Forest/Forest_1735.jpg,q6,cheng2020-attn,ViT-S/16,Forest,Forest,Pasture,0.9999306201934814,0.9987611770629884
331,Forest/Forest_377.jpg,q6,cheng2020-attn,ViT-S/16,Forest,Forest,SeaLake,0.9998819828033448,0.9999475479125975
332,Forest/Forest_1418.jpg,q6,cheng2020-attn,ViT-S/16,Forest,Forest,SeaLake,0.9998881816864014,0.9998086094856262
333,Forest/Forest_2344.jpg,q6,cheng2020-attn,ViT-S/16,Forest,Forest,SeaLake,0.9999728202819824,0.9999666213989258
334,Forest/Forest_2447.jpg,q6,cheng2020-attn,ViT-S/16,Forest,Forest,SeaLake,0.9999696016311646,0.9999701976776124
335,Forest/Forest_2031.jpg,q6,cheng2020-attn,ViT-S/16,Forest,Forest,SeaLake,0.999884843826294,0.9838707447052002
336,Forest/Forest_2385.jpg,q6,cheng2020-attn,ViT-S/16,Forest,Forest,SeaLake,0.999981164932251,0.9998815059661864
337,Forest/Forest_22.jpg,q6,cheng2020-attn,ViT-S/16,Forest,Forest,SeaLake,0.9999481439590454,0.9999125003814696
338,Forest/Forest_1892.jpg,q6,cheng2020-attn,ViT-S/16,Forest,Forest,SeaLake,0.999974250793457,0.9998583793640136
339,Forest/Forest_420.jpg,q6,cheng2020-attn,ViT-S/16,Forest,Forest,SeaLake,0.9999566078186036,0.9999052286148072
340,Forest/Forest_2809.jpg,q6,cheng2020-attn,ViT-S/16,Forest,Forest,SeaLake,0.9999152421951294,0.9998410940170288
341,Forest/Forest_631.jpg,q6,cheng2020-attn,ViT-S/16,Forest,Forest,SeaLake,0.9999655485153198,0.998654842376709
342,Forest/Forest_860.jpg,q6,cheng2020-attn,ViT-S/16,Forest,Forest,SeaLake,0.9999643564224244,0.9999613761901855
343,Forest/Forest_2072.jpg,q6,cheng2020-attn,ViT-S/16,Forest,Forest,SeaLake,0.9999793767929076,0.9998509883880616
344,Forest/Forest_2175.jpg,q6,cheng2020-attn,ViT-S/16,Forest,Forest,SeaLake,0.9993720650672911,0.9992169141769408
345,Forest/Forest_2467.jpg,q6,cheng2020-attn,ViT-S/16,Forest,Forest,SeaLake,0.999964952468872,0.99994695186615
346,Forest/Forest_1653.jpg,q6,cheng2020-attn,ViT-S/16,Forest,Forest,SeaLake,0.9999730587005616,0.9996389150619508
347,Forest/Forest_2156.jpg,q6,cheng2020-attn,ViT-S/16,Forest,Forest,SeaLake,0.999921441078186,0.9999165534973145
348,Forest/Forest_2765.jpg,q6,cheng2020-attn,ViT-S/16,Forest,Forest,SeaLake,0.99992036819458,0.9979852437973022
349,Forest/Forest_1739.jpg,q6,cheng2020-attn,ViT-S/16,Forest,Forest,SeaLake,0.9999653100967408,0.9999661445617676
350,Forest/Forest_861.jpg,q6,cheng2020-attn,ViT-S/16,Forest,Forest,Pasture,0.9999576807022096,0.9981250166893004
351,Forest/Forest_521.jpg,q6,cheng2020-attn,ViT-S/16,Forest,Forest,SeaLake,0.9999676942825316,0.99995756149292
352,Forest/Forest_2180.jpg,q6,cheng2020-attn,ViT-S/16,Forest,Forest,SeaLake,0.9999048709869384,0.9999328851699828
353,Forest/Forest_2105.jpg,q6,cheng2020-attn,ViT-S/16,Forest,Forest,SeaLake,0.9999754428863524,0.9999616146087646
354,Forest/Forest_150.jpg,q6,cheng2020-attn,ViT-S/16,Forest,Forest,SeaLake,0.9997941851615906,0.9996718168258668
355,Forest/Forest_49.jpg,q6,cheng2020-attn,ViT-S/16,Forest,Forest,HerbaceousVegetation,0.9999362230300904,0.7547158598899841
356,Forest/Forest_699.jpg,q6,cheng2020-attn,ViT-S/16,Forest,Forest,SeaLake,0.9999512434005736,0.9999388456344604
357,Forest/Forest_2586.jpg,q6,cheng2020-attn,ViT-S/16,Forest,Forest,SeaLake,0.9999284744262696,0.9999595880508424
358,Forest/Forest_2232.jpg,q6,cheng2020-attn,ViT-S/16,Forest,Forest,SeaLake,0.9999667406082152,0.9999613761901855
359,Forest/Forest_2621.jpg,q6,cheng2020-attn,ViT-S/16,Forest,Forest,SeaLake,0.9999628067016602,0.9999151229858398
360,Forest/Forest_2212.jpg,q6,cheng2020-attn,ViT-S/16,Forest,Forest,SeaLake,0.999976396560669,0.9999209642410278
361,Forest/Forest_982.jpg,q6,cheng2020-attn,ViT-S/16,Forest,Forest,SeaLake,0.9999736547470092,0.9999290704727172
362,Forest/Forest_585.jpg,q6,cheng2020-attn,ViT-S/16,Forest,Forest,SeaLake,0.9987865090370178,0.9995324611663818
363,Forest/Forest_2222.jpg,q6,cheng2020-attn,ViT-S/16,Forest,Forest,SeaLake,0.9999704360961914,0.9995734095573424
364,Forest/Forest_2457.jpg,q6,cheng2020-attn,ViT-S/16,Forest,Forest,SeaLake,0.9999721050262452,0.9997976422309875
365,Forest/Forest_1022.jpg,q6,cheng2020-attn,ViT-S/16,Forest,Forest,SeaLake,0.9999827146530152,0.999945878982544
366,Forest/Forest_2120.jpg,q6,cheng2020-attn,ViT-S/16,Forest,Forest,SeaLake,0.9999442100524902,0.999885082244873
367,Forest/Forest_1498.jpg,q6,cheng2020-attn,ViT-S/16,Forest,Forest,SeaLake,0.999971866607666,0.9999537467956544
368,Forest/Forest_1393.jpg,q6,cheng2020-attn,ViT-S/16,Forest,Forest,SeaLake,0.9999085664749146,0.9997658133506776
369,Forest/Forest_2687.jpg,q6,cheng2020-attn,ViT-S/16,Forest,Forest,SeaLake,0.99997079372406,0.9747533202171326
370,Forest/Forest_1719.jpg,q6,cheng2020-attn,ViT-S/16,Forest,Forest,SeaLake,0.9998283386230468,0.9376295804977416
371,Forest/Forest_571.jpg,q6,cheng2020-attn,ViT-S/16,Forest,Forest,SeaLake,0.9999611377716064,0.9192936420440674
372,Forest/Forest_488.jpg,q6,cheng2020-attn,ViT-S/16,Forest,Forest,SeaLake,0.999963402748108,0.9998806715011596
373,Forest/Forest_2826.jpg,q6,cheng2020-attn,ViT-S/16,Forest,Forest,SeaLake,0.9999042749404908,0.9999392032623292
374,Forest/Forest_602.jpg,q6,cheng2020-attn,ViT-S/16,Forest,Forest,SeaLake,0.9985975623130798,0.9994988441467284
375,Forest/Forest_1908.jpg,q6,cheng2020-attn,ViT-S/16,Forest,Forest,SeaLake,0.9998282194137572,0.99899822473526
376,Forest/Forest_1926.jpg,q6,cheng2020-attn,ViT-S/16,Forest,Forest,SeaLake,0.999885320663452,0.999908208847046
377,Forest/Forest_233.jpg,q6,cheng2020-attn,ViT-S/16,Forest,Forest,SeaLake,0.9999712705612184,0.9997947812080384
378,Forest/Forest_1282.jpg,q6,cheng2020-attn,ViT-S/16,Forest,Forest,SeaLake,0.9999063014984132,0.9999653100967408
379,Forest/Forest_2784.jpg,q6,cheng2020-attn,ViT-S/16,Forest,Forest,SeaLake,0.9999610185623168,0.9998146891593932
380,Forest/Forest_2102.jpg,q6,cheng2020-attn,ViT-S/16,Forest,Forest,SeaLake,0.9999619722366332,0.9998507499694824
381,Forest/Forest_2550.jpg,q6,cheng2020-attn,ViT-S/16,Forest,Forest,SeaLake,0.9999227523803712,0.999765932559967
382,Forest/Forest_2015.jpg,q6,cheng2020-attn,ViT-S/16,Forest,Forest,SeaLake,0.999966025352478,0.9999547004699708
383,Forest/Forest_2600.jpg,q6,cheng2020-attn,ViT-S/16,Forest,Forest,SeaLake,0.9999042749404908,0.9999179840087892
384,Forest/Forest_1614.jpg,q6,cheng2020-attn,ViT-S/16,Forest,Forest,SeaLake,0.999959111213684,0.9998326301574708
385,Forest/Forest_1231.jpg,q6,cheng2020-attn,ViT-S/16,Forest,Forest,SeaLake,0.9999779462814332,0.9999072551727296
386,Forest/Forest_1536.jpg,q6,cheng2020-attn,ViT-S/16,Forest,Forest,SeaLake,0.9999504089355468,0.9999405145645142
387,Forest/Forest_2816.jpg,q6,cheng2020-attn,ViT-S/16,Forest,Forest,SeaLake,0.9999700784683228,0.9999628067016602
388,Forest/Forest_1989.jpg,q6,cheng2020-attn,ViT-S/16,Forest,Forest,SeaLake,0.9999741315841676,0.9999637603759766
389,Forest/Forest_2108.jpg,q6,cheng2020-attn,ViT-S/16,Forest,Forest,SeaLake,0.9999195337295532,0.9999293088912964
390,Forest/Forest_1990.jpg,q6,cheng2020-attn,ViT-S/16,Forest,Forest,Pasture,0.9999096393585204,0.9775977730751038
391,Forest/Forest_151.jpg,q6,cheng2020-attn,ViT-S/16,Forest,Forest,SeaLake,0.9999401569366456,0.8414143323898315
392,Forest/Forest_943.jpg,q6,cheng2020-attn,ViT-S/16,Forest,Forest,SeaLake,0.9999581575393676,0.9999710321426392
393,Forest/Forest_2401.jpg,q6,cheng2020-attn,ViT-S/16,Forest,Forest,SeaLake,0.9999756813049316,0.9999572038650512
394,Forest/Forest_825.jpg,q6,cheng2020-attn,ViT-S/16,Forest,Forest,SeaLake,0.9998918771743774,0.999906063079834
395,Forest/Forest_1623.jpg,q6,cheng2020-attn,ViT-S/16,Forest,Forest,SeaLake,0.9999778270721436,0.9998337030410768
396,Forest/Forest_292.jpg,q6,cheng2020-attn,ViT-S/16,Forest,Forest,SeaLake,0.999958872795105,0.999971866607666
397,Forest/Forest_406.jpg,q6,cheng2020-attn,ViT-S/16,Forest,Forest,SeaLake,0.9999164342880248,0.9997465014457704
398,Forest/Forest_1894.jpg,q6,cheng2020-attn,ViT-S/16,Forest,Forest,SeaLake,0.999963402748108,0.9999585151672364
399,Forest/Forest_360.jpg,q6,cheng2020-attn,ViT-S/16,Forest,Forest,SeaLake,0.9999493360519408,0.9994677901268004
400,Forest/Forest_131.jpg,q6,cheng2020-attn,ViT-S/16,Forest,Forest,SeaLake,0.9999551773071288,0.9997081160545348
401,Forest/Forest_2428.jpg,q6,cheng2020-attn,ViT-S/16,Forest,Forest,SeaLake,0.9999657869338988,0.9999022483825684
402,Forest/Forest_2523.jpg,q6,cheng2020-attn,ViT-S/16,Forest,Forest,SeaLake,0.99997878074646,0.9999663829803468
403,Forest/Forest_2074.jpg,q6,cheng2020-attn,ViT-S/16,Forest,Forest,SeaLake,0.9994398951530457,0.6084269881248474
404,Forest/Forest_1043.jpg,q6,cheng2020-attn,ViT-S/16,Forest,Forest,SeaLake,0.9999542236328124,0.9999698400497437
405,Forest/Forest_2418.jpg,q6,cheng2020-attn,ViT-S/16,Forest,Forest,SeaLake,0.9999713897705078,0.9999423027038574
406,Forest/Forest_2194.jpg,q6,cheng2020-attn,ViT-S/16,Forest,Forest,SeaLake,0.999955415725708,0.9999516010284424
407,Forest/Forest_502.jpg,q6,cheng2020-attn,ViT-S/16,Forest,Forest,SeaLake,0.9999176263809204,0.9999432563781738
408,Forest/Forest_5.jpg,q6,cheng2020-attn,ViT-S/16,Forest,Forest,SeaLake,0.999936580657959,0.9998830556869508
409,Forest/Forest_1341.jpg,q6,cheng2020-attn,ViT-S/16,Forest,Forest,SeaLake,0.9997639060020448,0.999500036239624
410,Forest/Forest_341.jpg,q6,cheng2020-attn,ViT-S/16,Forest,Forest,SeaLake,0.9999812841415404,0.9997941851615906
411,Forest/Forest_2302.jpg,q6,cheng2020-attn,ViT-S/16,Forest,Forest,SeaLake,0.9999717473983764,0.9999619722366332
412,Forest/Forest_1329.jpg,q6,cheng2020-attn,ViT-S/16,Forest,Forest,SeaLake,0.9999758005142212,0.9999504089355468
413,Forest/Forest_1095.jpg,q6,cheng2020-attn,ViT-S/16,Forest,Forest,SeaLake,0.9999626874923706,0.9999159574508668
414,Forest/Forest_138.jpg,q6,cheng2020-attn,ViT-S/16,Forest,Forest,SeaLake,0.9999722242355348,0.9999651908874512
415,Forest/Forest_2502.jpg,q6,cheng2020-attn,ViT-S/16,Forest,Forest,SeaLake,0.9999688863754272,0.999948263168335
416,Forest/Forest_2888.jpg,q6,cheng2020-attn,ViT-S/16,Forest,Forest,SeaLake,0.9999325275421144,0.9974971413612366
417,Forest/Forest_343.jpg,q6,cheng2020-attn,ViT-S/16,Forest,Forest,SeaLake,0.9999774694442748,0.999967098236084
418,Forest/Forest_351.jpg,q6,cheng2020-attn,ViT-S/16,Forest,Forest,SeaLake,0.9999099969863892,0.99792742729187
419,Forest/Forest_2653.jpg,q6,cheng2020-attn,ViT-S/16,Forest,Forest,SeaLake,0.9998748302459716,0.7227628827095032
420,Forest/Forest_2588.jpg,q6,cheng2020-attn,ViT-S/16,Forest,Forest,SeaLake,0.9999337196350098,0.999896764755249
421,Forest/Forest_169.jpg,q6,cheng2020-attn,ViT-S/16,Forest,Forest,SeaLake,0.9999819993972778,0.9999366998672484
422,Forest/Forest_132.jpg,q6,cheng2020-attn,ViT-S/16,Forest,Forest,SeaLake,0.9996788501739502,0.9991167187690736
423,Forest/Forest_1487.jpg,q6,cheng2020-attn,ViT-S/16,Forest,Forest,SeaLake,0.9999492168426514,0.9999055862426758
424,Forest/Forest_1375.jpg,q6,cheng2020-attn,ViT-S/16,Forest,Forest,SeaLake,0.9999457597732544,0.9998151659965516
425,Forest/Forest_1993.jpg,q6,cheng2020-attn,ViT-S/16,Forest,Forest,SeaLake,0.9999325275421144,0.9998996257781982
426,Forest/Forest_2325.jpg,q6,cheng2020-attn,ViT-S/16,Forest,Forest,SeaLake,0.9999765157699584,0.999794900417328
427,Forest/Forest_2638.jpg,q6,cheng2020-attn,ViT-S/16,Forest,Forest,SeaLake,0.999966025352478,0.9999628067016602
428,Forest/Forest_2134.jpg,q6,cheng2020-attn,ViT-S/16,Forest,Forest,SeaLake,0.9998581409454346,0.9998606443405152
429,Forest/Forest_1017.jpg,q6,cheng2020-attn,ViT-S/16,Forest,Forest,SeaLake,0.9999529123306274,0.9999562501907348
430,Forest/Forest_1335.jpg,q6,cheng2020-attn,ViT-S/16,Forest,Forest,SeaLake,0.9999676942825316,0.9999675750732422
431,Forest/Forest_1391.jpg,q6,cheng2020-attn,ViT-S/16,Forest,Forest,SeaLake,0.999959111213684,0.9999579191207886
432,Forest/Forest_2328.jpg,q6,cheng2020-attn,ViT-S/16,Forest,Forest,SeaLake,0.9999269247055054,0.9995531439781188
433,Forest/Forest_2166.jpg,q6,cheng2020-attn,ViT-S/16,Forest,Forest,HerbaceousVegetation,0.999836564064026,0.9066166877746582
434,Forest/Forest_2434.jpg,q6,cheng2020-attn,ViT-S/16,Forest,Forest,SeaLake,0.9999667406082152,0.9996992349624634
435,Forest/Forest_983.jpg,q6,cheng2020-attn,ViT-S/16,Forest,Forest,SeaLake,0.9998966455459596,0.999956488609314
436,Forest/Forest_635.jpg,q6,cheng2020-attn,ViT-S/16,Forest,Forest,SeaLake,0.9999713897705078,0.999962568283081
437,Forest/Forest_922.jpg,q6,cheng2020-attn,ViT-S/16,Forest,Forest,SeaLake,0.9999582767486572,0.9996992349624634
438,Forest/Forest_991.jpg,q6,cheng2020-attn,ViT-S/16,Forest,Forest,SeaLake,0.9999693632125854,0.9999021291732788
439,Forest/Forest_1567.jpg,q6,cheng2020-attn,ViT-S/16,Forest,Forest,SeaLake,0.999955415725708,0.9998114705085754
440,Forest/Forest_1987.jpg,q6,cheng2020-attn,ViT-S/16,Forest,Forest,SeaLake,0.9995686411857604,0.7102688550949097
441,Forest/Forest_1300.jpg,q6,cheng2020-attn,ViT-S/16,Forest,Forest,SeaLake,0.9999780654907228,0.9999324083328248
442,Forest/Forest_127.jpg,q6,cheng2020-attn,ViT-S/16,Forest,Forest,SeaLake,0.999976634979248,0.9999712705612184
443,Forest/Forest_927.jpg,q6,cheng2020-attn,ViT-S/16,Forest,Forest,SeaLake,0.9999759197235109,0.9998892545700072
444,Forest/Forest_1907.jpg,q6,cheng2020-attn,ViT-S/16,Forest,Forest,SeaLake,0.9999783039093018,0.999961256980896
445,Forest/Forest_2087.jpg,q6,cheng2020-attn,ViT-S/16,Forest,Forest,SeaLake,0.9999314546585084,0.7876280546188354
446,Forest/Forest_579.jpg,q6,cheng2020-attn,ViT-S/16,Forest,Forest,SeaLake,0.9999560117721558,0.9998785257339478
447,Forest/Forest_1314.jpg,q6,cheng2020-attn,ViT-S/16,Forest,Forest,SeaLake,0.999979853630066,0.9999579191207886
448,Forest/Forest_24.jpg,q6,cheng2020-attn,ViT-S/16,Forest,Forest,SeaLake,0.9999552965164183,0.999952793121338
449,Forest/Forest_734.jpg,q6,cheng2020-attn,ViT-S/16,Forest,Forest,SeaLake,0.9998966455459596,0.9999212026596068
450,Forest/Forest_458.jpg,q6,cheng2020-attn,ViT-S/16,Forest,Forest,SeaLake,0.9999493360519408,0.9944766163825988
451,Forest/Forest_804.jpg,q6,cheng2020-attn,ViT-S/16,Forest,Forest,SeaLake,0.9999793767929076,0.999961256980896
452,Forest/Forest_1683.jpg,q6,cheng2020-attn,ViT-S/16,Forest,Forest,SeaLake,0.999969244003296,0.9999477863311768
453,Forest/Forest_2590.jpg,q6,cheng2020-attn,ViT-S/16,Forest,Forest,SeaLake,0.99996817111969,0.9999622106552124
454,Forest/Forest_2382.jpg,q6,cheng2020-attn,ViT-S/16,Forest,Forest,SeaLake,0.9999370574951172,0.9997633099555968
455,Forest/Forest_337.jpg,q6,cheng2020-attn,ViT-S/16,Forest,Forest,SeaLake,0.9999610185623168,0.9998599290847778
456,Forest/Forest_231.jpg,q6,cheng2020-attn,ViT-S/16,Forest,Forest,SeaLake,0.9999381303787231,0.9999635219573976
457,HerbaceousVegetation/HerbaceousVegetation_672.jpg,q6,cheng2020-attn,ViT-S/16,HerbaceousVegetation,HerbaceousVegetation,SeaLake,0.9999520778656006,0.5223246216773987
458,HerbaceousVegetation/HerbaceousVegetation_1144.jpg,q6,cheng2020-attn,ViT-S/16,HerbaceousVegetation,HerbaceousVegetation,Pasture,0.9999837875366212,0.4682793915271759
459,HerbaceousVegetation/HerbaceousVegetation_2940.jpg,q6,cheng2020-attn,ViT-S/16,HerbaceousVegetation,HerbaceousVegetation,SeaLake,0.999677300453186,0.9954036474227904
460,HerbaceousVegetation/HerbaceousVegetation_1952.jpg,q6,cheng2020-attn,ViT-S/16,HerbaceousVegetation,HerbaceousVegetation,SeaLake,0.9999295473098756,0.9231206774711608
461,HerbaceousVegetation/HerbaceousVegetation_312.jpg,q6,cheng2020-attn,ViT-S/16,HerbaceousVegetation,HerbaceousVegetation,SeaLake,0.9997268319129944,0.9849923849105836
462,HerbaceousVegetation/HerbaceousVegetation_2221.jpg,q6,cheng2020-attn,ViT-S/16,HerbaceousVegetation,HerbaceousVegetation,SeaLake,0.9999431371688844,0.6345270276069641
463,HerbaceousVegetation/HerbaceousVegetation_12.jpg,q6,cheng2020-attn,ViT-S/16,HerbaceousVegetation,HerbaceousVegetation,SeaLake,0.9997405409812928,0.8975592851638794
464,HerbaceousVegetation/HerbaceousVegetation_2584.jpg,q6,cheng2020-attn,ViT-S/16,HerbaceousVegetation,HerbaceousVegetation,Pasture,0.999767243862152,0.4932929277420044
465,HerbaceousVegetation/HerbaceousVegetation_730.jpg,q6,cheng2020-attn,ViT-S/16,HerbaceousVegetation,HerbaceousVegetation,SeaLake,0.9999465942382812,0.9690653085708618
466,HerbaceousVegetation/HerbaceousVegetation_707.jpg,q6,cheng2020-attn,ViT-S/16,HerbaceousVegetation,HerbaceousVegetation,SeaLake,0.9994683861732484,0.9945066571235656
467,HerbaceousVegetation/HerbaceousVegetation_2771.jpg,q6,cheng2020-attn,ViT-S/16,HerbaceousVegetation,HerbaceousVegetation,SeaLake,0.9999815225601196,0.9075640439987184
468,HerbaceousVegetation/HerbaceousVegetation_2753.jpg,q6,cheng2020-attn,ViT-S/16,HerbaceousVegetation,HerbaceousVegetation,SeaLake,0.9992758631706238,0.9952622652053832
469,HerbaceousVegetation/HerbaceousVegetation_2591.jpg,q6,cheng2020-attn,ViT-S/16,HerbaceousVegetation,HerbaceousVegetation,SeaLake,0.9999493360519408,0.6627637147903442
470,HerbaceousVegetation/HerbaceousVegetation_1817.jpg,q6,cheng2020-attn,ViT-S/16,HerbaceousVegetation,HerbaceousVegetation,SeaLake,0.998468577861786,0.999884843826294
471,HerbaceousVegetation/HerbaceousVegetation_866.jpg,q6,cheng2020-attn,ViT-S/16,HerbaceousVegetation,HerbaceousVegetation,SeaLake,0.9998884201049804,0.997178554534912
472,HerbaceousVegetation/HerbaceousVegetation_299.jpg,q6,cheng2020-attn,ViT-S/16,HerbaceousVegetation,HerbaceousVegetation,SeaLake,0.9967798590660096,0.999793827533722
473,HerbaceousVegetation/HerbaceousVegetation_629.jpg,q6,cheng2020-attn,ViT-S/16,HerbaceousVegetation,HerbaceousVegetation,SeaLake,0.9999573230743408,0.956092655658722
474,HerbaceousVegetation/HerbaceousVegetation_104.jpg,q6,cheng2020-attn,ViT-S/16,HerbaceousVegetation,HerbaceousVegetation,SeaLake,0.9999332427978516,0.9988466501235962
475,HerbaceousVegetation/HerbaceousVegetation_519.jpg,q6,cheng2020-attn,ViT-S/16,HerbaceousVegetation,HerbaceousVegetation,SeaLake,0.9999610185623168,0.8137527108192444
476,HerbaceousVegetation/HerbaceousVegetation_985.jpg,q6,cheng2020-attn,ViT-S/16,HerbaceousVegetation,HerbaceousVegetation,Pasture,0.9999105930328368,0.4998471736907959
477,HerbaceousVegetation/HerbaceousVegetation_762.jpg,q6,cheng2020-attn,ViT-S/16,HerbaceousVegetation,HerbaceousVegetation,SeaLake,0.9998384714126588,0.9102470278739928
478,HerbaceousVegetation/HerbaceousVegetation_444.jpg,q6,cheng2020-attn,ViT-S/16,HerbaceousVegetation,HerbaceousVegetation,SeaLake,0.9999018907546996,0.4723364114761352
479,HerbaceousVegetation/HerbaceousVegetation_2110.jpg,q6,cheng2020-attn,ViT-S/16,HerbaceousVegetation,HerbaceousVegetation,SeaLake,0.9985901713371276,0.9673221707344056
480,HerbaceousVegetation/HerbaceousVegetation_2907.jpg,q6,cheng2020-attn,ViT-S/16,HerbaceousVegetation,HerbaceousVegetation,SeaLake,0.9991968274116516,0.9995446801185608
481,HerbaceousVegetation/HerbaceousVegetation_1058.jpg,q6,cheng2020-attn,ViT-S/16,HerbaceousVegetation,HerbaceousVegetation,SeaLake,0.9931536912918092,0.998748779296875
482,HerbaceousVegetation/HerbaceousVegetation_495.jpg,q6,cheng2020-attn,ViT-S/16,HerbaceousVegetation,HerbaceousVegetation,SeaLake,0.9991995692253112,0.6514386534690857
483,HerbaceousVegetation/HerbaceousVegetation_541.jpg,q6,cheng2020-attn,ViT-S/16,HerbaceousVegetation,HerbaceousVegetation,SeaLake,0.9999253749847412,0.5072032809257507
484,HerbaceousVegetation/HerbaceousVegetation_2242.jpg,q6,cheng2020-attn,ViT-S/16,HerbaceousVegetation,HerbaceousVegetation,SeaLake,0.9999604225158693,0.7042955160140991
485,HerbaceousVegetation/HerbaceousVegetation_2479.jpg,q6,cheng2020-attn,ViT-S/16,HerbaceousVegetation,HerbaceousVegetation,Pasture,0.999857783317566,0.7493318319320679
486,HerbaceousVegetation/HerbaceousVegetation_325.jpg,q6,cheng2020-attn,ViT-S/16,HerbaceousVegetation,HerbaceousVegetation,SeaLake,0.9999123811721802,0.9920352101325988
487,HerbaceousVegetation/HerbaceousVegetation_1382.jpg,q6,cheng2020-attn,ViT-S/16,HerbaceousVegetation,HerbaceousVegetation,SeaLake,0.999823272228241,0.9878901839256288
488,HerbaceousVegetation/HerbaceousVegetation_423.jpg,q6,cheng2020-attn,ViT-S/16,HerbaceousVegetation,HerbaceousVegetation,SeaLake,0.9998522996902466,0.8543408513069153
489,HerbaceousVegetation/HerbaceousVegetation_1658.jpg,q6,cheng2020-attn,ViT-S/16,HerbaceousVegetation,HerbaceousVegetation,SeaLake,0.9996801614761353,0.9976217150688172
490,HerbaceousVegetation/HerbaceousVegetation_2419.jpg,q6,cheng2020-attn,ViT-S/16,HerbaceousVegetation,HerbaceousVegetation,SeaLake,0.999892234802246,0.6099382042884827
491,HerbaceousVegetation/HerbaceousVegetation_1356.jpg,q6,cheng2020-attn,ViT-S/16,HerbaceousVegetation,HerbaceousVegetation,SeaLake,0.9998806715011596,0.503753662109375
492,HerbaceousVegetation/HerbaceousVegetation_1979.jpg,q6,cheng2020-attn,ViT-S/16,HerbaceousVegetation,HerbaceousVegetation,SeaLake,0.9999005794525146,0.9972398281097412
493,HerbaceousVegetation/HerbaceousVegetation_2359.jpg,q6,cheng2020-attn,ViT-S/16,HerbaceousVegetation,HerbaceousVegetation,SeaLake,0.9450375437736512,0.995288610458374
494,HerbaceousVegetation/HerbaceousVegetation_1221.jpg,q6,cheng2020-attn,ViT-S/16,HerbaceousVegetation,HerbaceousVegetation,SeaLake,0.9998884201049804,0.9242775440216064
495,HerbaceousVegetation/HerbaceousVegetation_715.jpg,q6,cheng2020-attn,ViT-S/16,HerbaceousVegetation,HerbaceousVegetation,SeaLake,0.9999756813049316,0.7754778265953064
496,HerbaceousVegetation/HerbaceousVegetation_531.jpg,q6,cheng2020-attn,ViT-S/16,HerbaceousVegetation,HerbaceousVegetation,SeaLake,0.9997414946556092,0.9997629523277284
497,HerbaceousVegetation/HerbaceousVegetation_1477.jpg,q6,cheng2020-attn,ViT-S/16,HerbaceousVegetation,HerbaceousVegetation,SeaLake,0.9997532963752748,0.5837023854255676
498,HerbaceousVegetation/HerbaceousVegetation_2928.jpg,q6,cheng2020-attn,ViT-S/16,HerbaceousVegetation,HerbaceousVegetation,Pasture,0.9997546076774596,0.7174417972564697
499,HerbaceousVegetation/HerbaceousVegetation_2672.jpg,q6,cheng2020-attn,ViT-S/16,HerbaceousVegetation,HerbaceousVegetation,SeaLake,0.9987758994102478,0.9988524913787842
500,HerbaceousVegetation/HerbaceousVegetation_2996.jpg,q6,cheng2020-attn,ViT-S/16,HerbaceousVegetation,HerbaceousVegetation,SeaLake,0.9997543692588806,0.7656872272491455
501,HerbaceousVegetation/HerbaceousVegetation_970.jpg,q6,cheng2020-attn,ViT-S/16,HerbaceousVegetation,HerbaceousVegetation,SeaLake,0.9999724626541138,0.9914552569389344
502,HerbaceousVegetation/HerbaceousVegetation_1252.jpg,q6,cheng2020-attn,ViT-S/16,HerbaceousVegetation,HerbaceousVegetation,SeaLake,0.9991151690483092,0.9961471557617188
503,HerbaceousVegetation/HerbaceousVegetation_301.jpg,q6,cheng2020-attn,ViT-S/16,HerbaceousVegetation,HerbaceousVegetation,SeaLake,0.99996018409729,0.9665774703025818
504,HerbaceousVegetation/HerbaceousVegetation_1699.jpg,q6,cheng2020-attn,ViT-S/16,HerbaceousVegetation,HerbaceousVegetation,SeaLake,0.9999514818191528,0.9770997166633606
505,HerbaceousVegetation/HerbaceousVegetation_171.jpg,q6,cheng2020-attn,ViT-S/16,HerbaceousVegetation,HerbaceousVegetation,SeaLake,0.9999467134475708,0.9645240902900696
506,HerbaceousVegetation/HerbaceousVegetation_2798.jpg,q6,cheng2020-attn,ViT-S/16,HerbaceousVegetation,HerbaceousVegetation,SeaLake,0.9999781847000122,0.6350758075714111
507,HerbaceousVegetation/HerbaceousVegetation_675.jpg,q6,cheng2020-attn,ViT-S/16,HerbaceousVegetation,HerbaceousVegetation,SeaLake,0.9999351501464844,0.9729188084602356
508,HerbaceousVegetation/HerbaceousVegetation_2246.jpg,q6,cheng2020-attn,ViT-S/16,HerbaceousVegetation,HerbaceousVegetation,SeaLake,0.999845027923584,0.898116946220398
509,HerbaceousVegetation/HerbaceousVegetation_157.jpg,q6,cheng2020-attn,ViT-S/16,HerbaceousVegetation,HerbaceousVegetation,SeaLake,0.999913215637207,0.9208934307098388
510,HerbaceousVegetation/HerbaceousVegetation_836.jpg,q6,cheng2020-attn,ViT-S/16,HerbaceousVegetation,HerbaceousVegetation,SeaLake,0.9995806813240052,0.9996547698974608
511,HerbaceousVegetation/HerbaceousVegetation_1895.jpg,q6,cheng2020-attn,ViT-S/16,HerbaceousVegetation,HerbaceousVegetation,SeaLake,0.9999070167541504,0.8204165101051331
512,HerbaceousVegetation/HerbaceousVegetation_2015.jpg,q6,cheng2020-attn,ViT-S/16,HerbaceousVegetation,HerbaceousVegetation,SeaLake,0.999950647354126,0.9808050394058228
513,HerbaceousVegetation/HerbaceousVegetation_1730.jpg,q6,cheng2020-attn,ViT-S/16,HerbaceousVegetation,HerbaceousVegetation,SeaLake,0.9998674392700196,0.5414606332778931
514,Highway/Highway_2118.jpg,q6,cheng2020-attn,ViT-S/16,Highway,Highway,PermanentCrop,0.9997403025627136,0.7950862050056458
515,Highway/Highway_1084.jpg,q6,cheng2020-attn,ViT-S/16,Highway,Highway,SeaLake,0.9999394416809082,0.6982548236846924
516,Highway/Highway_2044.jpg,q6,cheng2020-attn,ViT-S/16,Highway,Highway,Industrial,0.9861099123954772,0.8084446787834167
517,Highway/Highway_840.jpg,q6,cheng2020-attn,ViT-S/16,Highway,Highway,SeaLake,0.999986171722412,0.639358639717102
518,Highway/Highway_1985.jpg,q6,cheng2020-attn,ViT-S/16,Highway,Highway,River,0.9999637603759766,0.9197981357574464
519,Highway/Highway_2243.jpg,q6,cheng2020-attn,ViT-S/16,Highway,Highway,SeaLake,0.9999161958694458,0.4569714665412903
520,Highway/Highway_2320.jpg,q6,cheng2020-attn,ViT-S/16,Highway,Highway,SeaLake,0.9999902248382568,0.999566614627838
521,Highway/Highway_1596.jpg,q6,cheng2020-attn,ViT-S/16,Highway,Highway,SeaLake,0.999445617198944,0.4313594698905945
522,Highway/Highway_1429.jpg,q6,cheng2020-attn,ViT-S/16,Highway,Highway,River,0.9996931552886964,0.7669762372970581
523,Highway/Highway_1186.jpg,q6,cheng2020-attn,ViT-S/16,Highway,Highway,SeaLake,0.9995871186256408,0.9959217309951782
524,Highway/Highway_487.jpg,q6,cheng2020-attn,ViT-S/16,Highway,Highway,River,0.9999606609344482,0.7214131951332092
525,Highway/Highway_39.jpg,q6,cheng2020-attn,ViT-S/16,Highway,Highway,River,0.999947190284729,0.999913215637207
526,Highway/Highway_1544.jpg,q6,cheng2020-attn,ViT-S/16,Highway,Highway,River,0.9999381303787231,0.5925929546356201
527,Highway/Highway_892.jpg,q6,cheng2020-attn,ViT-S/16,Highway,Highway,River,0.9999717473983764,0.9356444478034972
528,Highway/Highway_2114.jpg,q6,cheng2020-attn,ViT-S/16,Highway,Highway,SeaLake,0.9999709129333496,0.998378038406372
529,Highway/Highway_1777.jpg,q6,cheng2020-attn,ViT-S/16,Highway,Highway,AnnualCrop,0.9994675517082214,0.5488347411155701
530,Highway/Highway_1976.jpg,q6,cheng2020-attn,ViT-S/16,Highway,Highway,River,0.999809205532074,0.7932726144790649
531,Highway/Highway_360.jpg,q6,cheng2020-attn,ViT-S/16,Highway,Highway,River,0.9999489784240724,0.7001129984855652
532,Highway/Highway_1307.jpg,q6,cheng2020-attn,ViT-S/16,Highway,Highway,SeaLake,0.9971113204956056,0.9907900094985962
533,Highway/Highway_1570.jpg,q6,cheng2020-attn,ViT-S/16,Highway,Highway,River,0.9993962049484252,0.6676315069198608
534,Highway/Highway_1352.jpg,q6,cheng2020-attn,ViT-S/16,Highway,Highway,AnnualCrop,0.999818742275238,0.9673396348953248
535,Highway/Highway_2321.jpg,q6,cheng2020-attn,ViT-S/16,Highway,Highway,SeaLake,0.999981164932251,0.9311952590942384
536,Highway/Highway_1259.jpg,q6,cheng2020-attn,ViT-S/16,Highway,Highway,River,0.9997060894966124,0.999707281589508
537,Pasture/Pasture_1121.jpg,q6,cheng2020-attn,ViT-S/16,Pasture,Pasture,SeaLake,0.9999873638153076,0.99055814743042
538,Pasture/Pasture_58.jpg,q6,cheng2020-attn,ViT-S/16,Pasture,Pasture,SeaLake,0.999922513961792,0.9940066337585448
539,Pasture/Pasture_531.jpg,q6,cheng2020-attn,ViT-S/16,Pasture,Pasture,AnnualCrop,0.9998520612716676,0.8578726053237915
540,Pasture/Pasture_1161.jpg,q6,cheng2020-attn,ViT-S/16,Pasture,Pasture,SeaLake,0.9999665021896362,0.9998481273651124
541,Pasture/Pasture_1519.jpg,q6,cheng2020-attn,ViT-S/16,Pasture,Pasture,SeaLake,0.9999868869781494,0.9962111711502076
542,Pasture/Pasture_1914.jpg,q6,cheng2020-attn,ViT-S/16,Pasture,Pasture,SeaLake,0.9999837875366212,0.9897764921188354
543,Pasture/Pasture_905.jpg,q6,cheng2020-attn,ViT-S/16,Pasture,Pasture,SeaLake,0.9999817609786988,0.978348672389984
544,Pasture/Pasture_699.jpg,q6,cheng2020-attn,ViT-S/16,Pasture,Pasture,SeaLake,0.9999526739120485,0.991367757320404
545,Pasture/Pasture_1892.jpg,q6,cheng2020-attn,ViT-S/16,Pasture,Pasture,AnnualCrop,0.999026894569397,0.928763747215271
546,Pasture/Pasture_1488.jpg,q6,cheng2020-attn,ViT-S/16,Pasture,Pasture,AnnualCrop,0.9997851252555848,0.8325760364532471
547,Pasture/Pasture_44.jpg,q6,cheng2020-attn,ViT-S/16,Pasture,Pasture,SeaLake,0.9999794960021972,0.8598213791847229
548,Pasture/Pasture_1403.jpg,q6,cheng2020-attn,ViT-S/16,Pasture,Pasture,SeaLake,0.999992847442627,0.9925714135169984
549,Pasture/Pasture_354.jpg,q6,cheng2020-attn,ViT-S/16,Pasture,Pasture,SeaLake,0.9999769926071168,0.8507577180862427
550,Pasture/Pasture_662.jpg,q6,cheng2020-attn,ViT-S/16,Pasture,Pasture,SeaLake,0.9999794960021972,0.9949198365211488
551,Pasture/Pasture_1183.jpg,q6,cheng2020-attn,ViT-S/16,Pasture,Pasture,SeaLake,0.9999889135360718,0.940489947795868
552,Pasture/Pasture_630.jpg,q6,cheng2020-attn,ViT-S/16,Pasture,Pasture,AnnualCrop,0.9998177886009216,0.5567898154258728
553,Pasture/Pasture_437.jpg,q6,cheng2020-attn,ViT-S/16,Pasture,Pasture,SeaLake,0.9999812841415404,0.9963817596435548
554,Pasture/Pasture_1944.jpg,q6,cheng2020-attn,ViT-S/16,Pasture,Pasture,SeaLake,0.9998341798782348,0.97592031955719
555,Pasture/Pasture_554.jpg,q6,cheng2020-attn,ViT-S/16,Pasture,Pasture,AnnualCrop,0.9997666478157043,0.744499921798706
556,Pasture/Pasture_914.jpg,q6,cheng2020-attn,ViT-S/16,Pasture,Pasture,AnnualCrop,0.9998668432235718,0.9975531697273254
557,Pasture/Pasture_1616.jpg,q6,cheng2020-attn,ViT-S/16,Pasture,Pasture,SeaLake,0.9999822378158568,0.998664379119873
558,Pasture/Pasture_1933.jpg,q6,cheng2020-attn,ViT-S/16,Pasture,Pasture,SeaLake,0.9998481273651124,0.992746889591217
559,Pasture/Pasture_1135.jpg,q6,cheng2020-attn,ViT-S/16,Pasture,Pasture,SeaLake,0.999653935432434,0.9998776912689208
560,Pasture/Pasture_539.jpg,q6,cheng2020-attn,ViT-S/16,Pasture,Pasture,SeaLake,0.9997428059577942,0.9996691942214966
561,Pasture/Pasture_1408.jpg,q6,cheng2020-attn,ViT-S/16,Pasture,Pasture,SeaLake,0.9999688863754272,0.9995373487472534
562,Pasture/Pasture_660.jpg,q6,cheng2020-attn,ViT-S/16,Pasture,Pasture,SeaLake,0.99994957447052,0.9718260169029236
563,Pasture/Pasture_1143.jpg,q6,cheng2020-attn,ViT-S/16,Pasture,Pasture,SeaLake,0.9991347193717957,0.9998779296875
564,Pasture/Pasture_1212.jpg,q6,cheng2020-attn,ViT-S/16,Pasture,Pasture,AnnualCrop,0.999847412109375,0.9976633787155152
565,Pasture/Pasture_430.jpg,q6,cheng2020-attn,ViT-S/16,Pasture,Pasture,SeaLake,0.999958038330078,0.953177273273468
566,Pasture/Pasture_547.jpg,q6,cheng2020-attn,ViT-S/16,Pasture,Pasture,SeaLake,0.9999229907989502,0.9993804693222046
567,Pasture/Pasture_1250.jpg,q6,cheng2020-attn,ViT-S/16,Pasture,Pasture,SeaLake,0.9997586607933044,0.9816136360168456
568,Pasture/Pasture_792.jpg,q6,cheng2020-attn,ViT-S/16,Pasture,Pasture,SeaLake,0.9999520778656006,0.8259755969047546
569,Pasture/Pasture_1158.jpg,q6,cheng2020-attn,ViT-S/16,Pasture,Pasture,SeaLake,0.9984245300292968,0.9717207551002502
570,Pasture/Pasture_1483.jpg,q6,cheng2020-attn,ViT-S/16,Pasture,Pasture,SeaLake,0.999988317489624,0.9977831244468688
571,Pasture/Pasture_1818.jpg,q6,cheng2020-attn,ViT-S/16,Pasture,Pasture,SeaLake,0.9999868869781494,0.5633877515792847
572,Pasture/Pasture_756.jpg,q6,cheng2020-attn,ViT-S/16,Pasture,Pasture,Highway,0.8621188998222351,0.7758508324623108
573,Pasture/Pasture_120.jpg,q6,cheng2020-attn,ViT-S/16,Pasture,Pasture,SeaLake,0.9999865293502808,0.9990277290344238
574,Pasture/Pasture_1542.jpg,q6,cheng2020-attn,ViT-S/16,Pasture,Pasture,SeaLake,0.9999269247055054,0.8604304790496826
575,Pasture/Pasture_1819.jpg,q6,cheng2020-attn,ViT-S/16,Pasture,Pasture,SeaLake,0.9999759197235109,0.7028752565383911
576,Pasture/Pasture_250.jpg,q6,cheng2020-attn,ViT-S/16,Pasture,Pasture,SeaLake,0.9994961023330688,0.9911210536956788
577,Pasture/Pasture_1518.jpg,q6,cheng2020-attn,ViT-S/16,Pasture,Pasture,SeaLake,0.9999552965164183,0.5628309845924377
578,Pasture/Pasture_168.jpg,q6,cheng2020-attn,ViT-S/16,Pasture,Pasture,SeaLake,0.9998133778572084,0.9067851901054382
579,Pasture/Pasture_714.jpg,q6,cheng2020-attn,ViT-S/16,Pasture,Pasture,SeaLake,0.9999778270721436,0.9154902696609496
580,Pasture/Pasture_732.jpg,q6,cheng2020-attn,ViT-S/16,Pasture,Pasture,SeaLake,0.9999608993530272,0.9985597729682922
581,Pasture/Pasture_993.jpg,q6,cheng2020-attn,ViT-S/16,Pasture,Pasture,SeaLake,0.9999604225158693,0.6696754097938538
582,Pasture/Pasture_1049.jpg,q6,cheng2020-attn,ViT-S/16,Pasture,Pasture,SeaLake,0.999964475631714,0.7895101308822632
583,Pasture/Pasture_1309.jpg,q6,cheng2020-attn,ViT-S/16,Pasture,Pasture,SeaLake,0.99997878074646,0.9807906150817872
584,Pasture/Pasture_886.jpg,q6,cheng2020-attn,ViT-S/16,Pasture,Pasture,SeaLake,0.9999916553497314,0.9940197467803956
585,Pasture/Pasture_744.jpg,q6,cheng2020-attn,ViT-S/16,Pasture,Pasture,SeaLake,0.999983549118042,0.7182271480560303
586,Pasture/Pasture_1175.jpg,q6,cheng2020-attn,ViT-S/16,Pasture,Pasture,SeaLake,0.9999831914901732,0.6907728910446167
587,Pasture/Pasture_1511.jpg,q6,cheng2020-attn,ViT-S/16,Pasture,Pasture,SeaLake,0.9998995065689088,0.99816232919693
588,Pasture/Pasture_426.jpg,q6,cheng2020-attn,ViT-S/16,Pasture,Pasture,SeaLake,0.9997319579124452,0.9998016953468324
589,Pasture/Pasture_1425.jpg,q6,cheng2020-attn,ViT-S/16,Pasture,Pasture,SeaLake,0.9984031319618224,0.9894369840621948
590,Pasture/Pasture_1194.jpg,q6,cheng2020-attn,ViT-S/16,Pasture,Pasture,SeaLake,0.9998670816421508,0.936732053756714
591,Pasture/Pasture_1477.jpg,q6,cheng2020-attn,ViT-S/16,Pasture,Pasture,AnnualCrop,0.9999479055404664,0.7513713836669922
592,Pasture/Pasture_131.jpg,q6,cheng2020-attn,ViT-S/16,Pasture,Pasture,SeaLake,0.9999632835388184,0.988066554069519
593,Pasture/Pasture_830.jpg,q6,cheng2020-attn,ViT-S/16,Pasture,Pasture,SeaLake,0.9999381303787231,0.5650331377983093
594,Pasture/Pasture_1502.jpg,q6,cheng2020-attn,ViT-S/16,Pasture,Pasture,SeaLake,0.9999891519546508,0.9967331886291504
595,Pasture/Pasture_1529.jpg,q6,cheng2020-attn,ViT-S/16,Pasture,Pasture,SeaLake,0.999934196472168,0.9995100498199464
596,Pasture/Pasture_1216.jpg,q6,cheng2020-attn,ViT-S/16,Pasture,Pasture,SeaLake,0.9998108744621276,0.9137529134750366
597,Pasture/Pasture_1639.jpg,q6,cheng2020-attn,ViT-S/16,Pasture,Pasture,SeaLake,0.9998499155044556,0.6939759850502014
598,Pasture/Pasture_1578.jpg,q6,cheng2020-attn,ViT-S/16,Pasture,Pasture,SeaLake,0.999987006187439,0.9896042346954346
599,Pasture/Pasture_1510.jpg,q6,cheng2020-attn,ViT-S/16,Pasture,Pasture,SeaLake,0.999991536140442,0.9830316305160522
600,Pasture/Pasture_1792.jpg,q6,cheng2020-attn,ViT-S/16,Pasture,Pasture,SeaLake,0.9998587369918824,0.7966665625572205
601,Pasture/Pasture_825.jpg,q6,cheng2020-attn,ViT-S/16,Pasture,Pasture,SeaLake,0.9998847246170044,0.878372848033905
602,Pasture/Pasture_552.jpg,q6,cheng2020-attn,ViT-S/16,Pasture,Pasture,SeaLake,0.9999617338180542,0.9785569310188292
603,Pasture/Pasture_7.jpg,q6,cheng2020-attn,ViT-S/16,Pasture,Pasture,SeaLake,0.9998776912689208,0.9992520213127136
604,Pasture/Pasture_1075.jpg,q6,cheng2020-attn,ViT-S/16,Pasture,Pasture,SeaLake,0.9999747276306152,0.9991891980171204
605,Pasture/Pasture_1262.jpg,q6,cheng2020-attn,ViT-S/16,Pasture,Pasture,SeaLake,0.9998905658721924,0.9452999830245972
606,Pasture/Pasture_1327.jpg,q6,cheng2020-attn,ViT-S/16,Pasture,Pasture,SeaLake,0.9990505576133728,0.999848246574402
607,Pasture/Pasture_594.jpg,q6,cheng2020-attn,ViT-S/16,Pasture,Pasture,SeaLake,0.9999449253082277,0.9248034358024596
608,Pasture/Pasture_1706.jpg,q6,cheng2020-attn,ViT-S/16,Pasture,Pasture,SeaLake,0.9999771118164062,0.8335865139961243
609,Pasture/Pasture_1785.jpg,q6,cheng2020-attn,ViT-S/16,Pasture,Pasture,SeaLake,0.9999483823776244,0.9576758146286012
610,Pasture/Pasture_754.jpg,q6,cheng2020-attn,ViT-S/16,Pasture,Pasture,SeaLake,0.9999895095825196,0.9898844957351683
611,Pasture/Pasture_267.jpg,q6,cheng2020-attn,ViT-S/16,Pasture,Pasture,SeaLake,0.9999749660491944,0.9983793497085572
612,Pasture/Pasture_238.jpg,q6,cheng2020-attn,ViT-S/16,Pasture,Pasture,SeaLake,0.9999889135360718,0.9901679754257202
613,Pasture/Pasture_1908.jpg,q6,cheng2020-attn,ViT-S/16,Pasture,Pasture,SeaLake,0.9999815225601196,0.938304364681244
614,Pasture/Pasture_1177.jpg,q6,cheng2020-attn,ViT-S/16,Pasture,Pasture,SeaLake,0.999980092048645,0.99285888671875
615,Pasture/Pasture_623.jpg,q6,cheng2020-attn,ViT-S/16,Pasture,Pasture,SeaLake,0.9990997314453124,0.9998226761817932
616,Pasture/Pasture_1513.jpg,q6,cheng2020-attn,ViT-S/16,Pasture,Pasture,SeaLake,0.9998767375946044,0.9991389513015748
617,Pasture/Pasture_282.jpg,q6,cheng2020-attn,ViT-S/16,Pasture,Pasture,SeaLake,0.9998679161071776,0.528460681438446
618,Pasture/Pasture_1936.jpg,q6,cheng2020-attn,ViT-S/16,Pasture,Pasture,SeaLake,0.9999628067016602,0.96355539560318
619,Pasture/Pasture_395.jpg,q6,cheng2020-attn,ViT-S/16,Pasture,Pasture,SeaLake,0.9996578693389891,0.9987518787384032
620,Pasture/Pasture_85.jpg,q6,cheng2020-attn,ViT-S/16,Pasture,Pasture,SeaLake,0.9999806880950928,0.5012553334236145
621,Pasture/Pasture_1152.jpg,q6,cheng2020-attn,ViT-S/16,Pasture,Pasture,SeaLake,0.9999440908432008,0.9996697902679444
622,Pasture/Pasture_285.jpg,q6,cheng2020-attn,ViT-S/16,Pasture,Pasture,SeaLake,0.9999512434005736,0.9685086607933044
623,Pasture/Pasture_489.jpg,q6,cheng2020-attn,ViT-S/16,Pasture,Pasture,SeaLake,0.9999505281448364,0.9975823163986206
624,Pasture/Pasture_1879.jpg,q6,cheng2020-attn,ViT-S/16,Pasture,Pasture,SeaLake,0.999977707862854,0.9531599283218384
625,Pasture/Pasture_737.jpg,q6,cheng2020-attn,ViT-S/16,Pasture,Pasture,SeaLake,0.9999839067459106,0.9474841952323914
626,Pasture/Pasture_1828.jpg,q6,cheng2020-attn,ViT-S/16,Pasture,Pasture,SeaLake,0.9999455213546752,0.738565981388092
627,Pasture/Pasture_896.jpg,q6,cheng2020-attn,ViT-S/16,Pasture,Pasture,SeaLake,0.9998605251312256,0.9341112971305848
628,Pasture/Pasture_56.jpg,q6,cheng2020-attn,ViT-S/16,Pasture,Pasture,SeaLake,0.999982476234436,0.971994400024414
629,Pasture/Pasture_1134.jpg,q6,cheng2020-attn,ViT-S/16,Pasture,Pasture,SeaLake,0.9999746084213256,0.9941986799240112
630,Pasture/Pasture_32.jpg,q6,cheng2020-attn,ViT-S/16,Pasture,Pasture,SeaLake,0.9999804496765136,0.805976152420044
631,Pasture/Pasture_1443.jpg,q6,cheng2020-attn,ViT-S/16,Pasture,Pasture,SeaLake,0.99993896484375,0.9910023808479308
632,Pasture/Pasture_1242.jpg,q6,cheng2020-attn,ViT-S/16,Pasture,Pasture,SeaLake,0.999985933303833,0.6473386287689209
633,Pasture/Pasture_1132.jpg,q6,cheng2020-attn,ViT-S/16,Pasture,Pasture,SeaLake,0.9995695948600768,0.9832618236541748
634,Pasture/Pasture_964.jpg,q6,cheng2020-attn,ViT-S/16,Pasture,Pasture,SeaLake,0.999987006187439,0.8463911414146423
635,Pasture/Pasture_1042.jpg,q6,cheng2020-attn,ViT-S/16,Pasture,Pasture,SeaLake,0.9999854564666748,0.6743921637535095
636,Pasture/Pasture_1794.jpg,q6,cheng2020-attn,ViT-S/16,Pasture,Pasture,SeaLake,0.999822437763214,0.9680259823799132
637,Pasture/Pasture_735.jpg,q6,cheng2020-attn,ViT-S/16,Pasture,Pasture,SeaLake,0.9999607801437378,0.999716818332672
638,Pasture/Pasture_1060.jpg,q6,cheng2020-attn,ViT-S/16,Pasture,Pasture,AnnualCrop,0.9999823570251464,0.959433913230896
639,Pasture/Pasture_800.jpg,q6,cheng2020-attn,ViT-S/16,Pasture,Pasture,AnnualCrop,0.9999688863754272,0.9298068881034852
640,Pasture/Pasture_1230.jpg,q6,cheng2020-attn,ViT-S/16,Pasture,Pasture,SeaLake,0.999974250793457,0.6190747618675232
641,Pasture/Pasture_1184.jpg,q6,cheng2020-attn,ViT-S/16,Pasture,Pasture,SeaLake,0.9998342990875244,0.998778998851776
642,Pasture/Pasture_1865.jpg,q6,cheng2020-attn,ViT-S/16,Pasture,Pasture,SeaLake,0.9999059438705444,0.5262479186058044
643,Pasture/Pasture_1770.jpg,q6,cheng2020-attn,ViT-S/16,Pasture,Pasture,SeaLake,0.9996318817138672,0.8863051533699036
644,Pasture/Pasture_1835.jpg,q6,cheng2020-attn,ViT-S/16,Pasture,Pasture,SeaLake,0.9999635219573976,0.6517005562782288
645,Pasture/Pasture_857.jpg,q6,cheng2020-attn,ViT-S/16,Pasture,Pasture,AnnualCrop,0.9999548196792604,0.9684632420539856
646,Pasture/Pasture_622.jpg,q6,cheng2020-attn,ViT-S/16,Pasture,Pasture,SeaLake,0.9999876022338868,0.8837616443634033
647,Pasture/Pasture_191.jpg,q6,cheng2020-attn,ViT-S/16,Pasture,Pasture,SeaLake,0.999980092048645,0.997908353805542
648,Pasture/Pasture_1775.jpg,q6,cheng2020-attn,ViT-S/16,Pasture,Pasture,SeaLake,0.999987006187439,0.6918274164199829
649,Pasture/Pasture_1751.jpg,q6,cheng2020-attn,ViT-S/16,Pasture,Pasture,SeaLake,0.999990701675415,0.9233551621437072
650,Pasture/Pasture_1215.jpg,q6,cheng2020-attn,ViT-S/16,Pasture,Pasture,SeaLake,0.9999690055847168,0.994817316532135
651,Pasture/Pasture_1628.jpg,q6,cheng2020-attn,ViT-S/16,Pasture,Pasture,SeaLake,0.9999864101409912,0.8269848227500916
652,Pasture/Pasture_665.jpg,q6,cheng2020-attn,ViT-S/16,Pasture,Pasture,SeaLake,0.9999806880950928,0.9699698686599731
653,Pasture/Pasture_1479.jpg,q6,cheng2020-attn,ViT-S/16,Pasture,Pasture,SeaLake,0.9511778950691224,0.9222943186759948
654,Pasture/Pasture_1252.jpg,q6,cheng2020-attn,ViT-S/16,Pasture,Pasture,SeaLake,0.998579740524292,0.9679046273231506
655,Pasture/Pasture_425.jpg,q6,cheng2020-attn,ViT-S/16,Pasture,Pasture,SeaLake,0.9999710321426392,0.992089867591858
656,Pasture/Pasture_276.jpg,q6,cheng2020-attn,ViT-S/16,Pasture,Pasture,SeaLake,0.9991891980171204,0.9978110194206238
657,Pasture/Pasture_875.jpg,q6,cheng2020-attn,ViT-S/16,Pasture,Pasture,SeaLake,0.9999854564666748,0.998184859752655
658,Pasture/Pasture_1990.jpg,q6,cheng2020-attn,ViT-S/16,Pasture,Pasture,SeaLake,0.9996788501739502,0.92008638381958
659,Pasture/Pasture_904.jpg,q6,cheng2020-attn,ViT-S/16,Pasture,Pasture,SeaLake,0.9999443292617798,0.9945489764213562
660,Pasture/Pasture_722.jpg,q6,cheng2020-attn,ViT-S/16,Pasture,Pasture,AnnualCrop,0.9990586638450624,0.4920965731143951
661,PermanentCrop/PermanentCrop_34.jpg,q6,cheng2020-attn,ViT-S/16,PermanentCrop,PermanentCrop,Pasture,0.9992456436157228,0.8920402526855469
662,PermanentCrop/PermanentCrop_661.jpg,q6,cheng2020-attn,ViT-S/16,PermanentCrop,PermanentCrop,SeaLake,0.9915498495101928,0.8388134241104126
663,PermanentCrop/PermanentCrop_1814.jpg,q6,cheng2020-attn,ViT-S/16,PermanentCrop,PermanentCrop,Pasture,0.999784290790558,0.511856734752655
664,PermanentCrop/PermanentCrop_1304.jpg,q6,cheng2020-attn,ViT-S/16,PermanentCrop,PermanentCrop,HerbaceousVegetation,0.9999830722808838,0.9903059005737304
665,PermanentCrop/PermanentCrop_1926.jpg,q6,cheng2020-attn,ViT-S/16,PermanentCrop,PermanentCrop,Industrial,0.9954485297203064,0.4438594877719879
666,PermanentCrop/PermanentCrop_342.jpg,q6,cheng2020-attn,ViT-S/16,PermanentCrop,PermanentCrop,AnnualCrop,0.9998252987861632,0.999881386756897
667,PermanentCrop/PermanentCrop_1379.jpg,q6,cheng2020-attn,ViT-S/16,PermanentCrop,PermanentCrop,AnnualCrop,0.999858856201172,0.5259013772010803
668,PermanentCrop/PermanentCrop_1377.jpg,q6,cheng2020-attn,ViT-S/16,PermanentCrop,PermanentCrop,AnnualCrop,0.9999643564224244,0.6086398959159851
669,PermanentCrop/PermanentCrop_2205.jpg,q6,cheng2020-attn,ViT-S/16,PermanentCrop,PermanentCrop,AnnualCrop,0.9998642206192015,0.6490396857261658
670,PermanentCrop/PermanentCrop_672.jpg,q6,cheng2020-attn,ViT-S/16,PermanentCrop,PermanentCrop,HerbaceousVegetation,0.9972232580184937,0.984005331993103
671,PermanentCrop/PermanentCrop_1179.jpg,q6,cheng2020-attn,ViT-S/16,PermanentCrop,PermanentCrop,HerbaceousVegetation,0.9988694787025452,0.7164605855941772
672,PermanentCrop/PermanentCrop_742.jpg,q6,cheng2020-attn,ViT-S/16,PermanentCrop,PermanentCrop,HerbaceousVegetation,0.9998419284820556,0.5347185134887695
673,PermanentCrop/PermanentCrop_1584.jpg,q6,cheng2020-attn,ViT-S/16,PermanentCrop,PermanentCrop,HerbaceousVegetation,0.9951727986335754,0.9731069207191468
674,PermanentCrop/PermanentCrop_686.jpg,q6,cheng2020-attn,ViT-S/16,PermanentCrop,PermanentCrop,AnnualCrop,0.9999635219573976,0.7517186999320984
675,PermanentCrop/PermanentCrop_789.jpg,q6,cheng2020-attn,ViT-S/16,PermanentCrop,PermanentCrop,AnnualCrop,0.9996098875999452,0.9899103045463562
676,PermanentCrop/PermanentCrop_810.jpg,q6,cheng2020-attn,ViT-S/16,PermanentCrop,PermanentCrop,HerbaceousVegetation,0.999950647354126,0.9556154012680054
677,PermanentCrop/PermanentCrop_751.jpg,q6,cheng2020-attn,ViT-S/16,PermanentCrop,PermanentCrop,HerbaceousVegetation,0.9999452829360962,0.992707908153534
678,PermanentCrop/PermanentCrop_545.jpg,q6,cheng2020-attn,ViT-S/16,PermanentCrop,PermanentCrop,HerbaceousVegetation,0.999957799911499,0.4438483119010925
679,PermanentCrop/PermanentCrop_760.jpg,q6,cheng2020-attn,ViT-S/16,PermanentCrop,PermanentCrop,AnnualCrop,0.9999942779541016,0.7703069448471069
680,PermanentCrop/PermanentCrop_2494.jpg,q6,cheng2020-attn,ViT-S/16,PermanentCrop,PermanentCrop,AnnualCrop,0.9978635907173156,0.9605907797813416
681,PermanentCrop/PermanentCrop_2380.jpg,q6,cheng2020-attn,ViT-S/16,PermanentCrop,PermanentCrop,Pasture,0.9988682270050048,0.547524094581604
682,PermanentCrop/PermanentCrop_2108.jpg,q6,cheng2020-attn,ViT-S/16,PermanentCrop,PermanentCrop,SeaLake,0.9994232654571532,0.6556581258773804
683,PermanentCrop/PermanentCrop_739.jpg,q6,cheng2020-attn,ViT-S/16,PermanentCrop,PermanentCrop,Pasture,0.9999339580535888,0.4401124715805053
684,PermanentCrop/PermanentCrop_2189.jpg,q6,cheng2020-attn,ViT-S/16,PermanentCrop,PermanentCrop,HerbaceousVegetation,0.999986171722412,0.7617326378822327
685,PermanentCrop/PermanentCrop_371.jpg,q6,cheng2020-attn,ViT-S/16,PermanentCrop,PermanentCrop,River,0.9999771118164062,0.8778998851776123
686,PermanentCrop/PermanentCrop_727.jpg,q6,cheng2020-attn,ViT-S/16,PermanentCrop,PermanentCrop,HerbaceousVegetation,0.9994361996650696,0.978078067302704
687,PermanentCrop/PermanentCrop_1530.jpg,q6,cheng2020-attn,ViT-S/16,PermanentCrop,PermanentCrop,HerbaceousVegetation,0.9992050528526306,0.8093559145927429
688,PermanentCrop/PermanentCrop_1093.jpg,q6,cheng2020-attn,ViT-S/16,PermanentCrop,PermanentCrop,AnnualCrop,0.9995056390762328,0.9999806880950928
689,PermanentCrop/PermanentCrop_1141.jpg,q6,cheng2020-attn,ViT-S/16,PermanentCrop,PermanentCrop,AnnualCrop,0.9998645782470704,0.9083844423294068
690,PermanentCrop/PermanentCrop_2435.jpg,q6,cheng2020-attn,ViT-S/16,PermanentCrop,PermanentCrop,HerbaceousVegetation,0.998694121837616,0.5313621163368225
691,PermanentCrop/PermanentCrop_2327.jpg,q6,cheng2020-attn,ViT-S/16,PermanentCrop,PermanentCrop,AnnualCrop,0.9999659061431884,0.9699673056602478
692,PermanentCrop/PermanentCrop_24.jpg,q6,cheng2020-attn,ViT-S/16,PermanentCrop,PermanentCrop,AnnualCrop,0.9987926483154296,0.9922926425933838
693,PermanentCrop/PermanentCrop_1058.jpg,q6,cheng2020-attn,ViT-S/16,PermanentCrop,PermanentCrop,AnnualCrop,0.9999312162399292,0.5144173502922058
694,PermanentCrop/PermanentCrop_551.jpg,q6,cheng2020-attn,ViT-S/16,PermanentCrop,PermanentCrop,AnnualCrop,0.999897003173828,0.5890440344810486
695,PermanentCrop/PermanentCrop_924.jpg,q6,cheng2020-attn,ViT-S/16,PermanentCrop,PermanentCrop,Highway,0.9993481040000916,0.7515580654144287
696,PermanentCrop/PermanentCrop_365.jpg,q6,cheng2020-attn,ViT-S/16,PermanentCrop,PermanentCrop,HerbaceousVegetation,0.9986454844474792,0.6148792505264282
697,Residential/Residential_1136.jpg,q6,cheng2020-attn,ViT-S/16,Residential,Residential,HerbaceousVegetation,0.9999817609786988,0.9037198424339294
698,Residential/Residential_1242.jpg,q6,cheng2020-attn,ViT-S/16,Residential,Residential,HerbaceousVegetation,0.9999303817749025,0.6104920506477356
699,Residential/Residential_1042.jpg,q6,cheng2020-attn,ViT-S/16,Residential,Residential,HerbaceousVegetation,0.999985694885254,0.9877161383628844
700,Residential/Residential_688.jpg,q6,cheng2020-attn,ViT-S/16,Residential,Residential,HerbaceousVegetation,0.9998339414596558,0.8135998249053955
701,Residential/Residential_331.jpg,q6,cheng2020-attn,ViT-S/16,Residential,Residential,Industrial,0.9994813799858092,0.9772287607192992
702,Residential/Residential_1286.jpg,q6,cheng2020-attn,ViT-S/16,Residential,Residential,HerbaceousVegetation,0.999976396560669,0.9079725742340088
703,Residential/Residential_2368.jpg,q6,cheng2020-attn,ViT-S/16,Residential,Residential,HerbaceousVegetation,0.765024721622467,0.9998695850372314
704,Residential/Residential_530.jpg,q6,cheng2020-attn,ViT-S/16,Residential,Residential,HerbaceousVegetation,0.999953031539917,0.9997108578681946
705,Residential/Residential_88.jpg,q6,cheng2020-attn,ViT-S/16,Residential,Residential,Industrial,0.9981197714805604,0.9990729093551636
706,Residential/Residential_532.jpg,q6,cheng2020-attn,ViT-S/16,Residential,Residential,Industrial,0.9999730587005616,0.4888162016868591
707,Residential/Residential_1644.jpg,q6,cheng2020-attn,ViT-S/16,Residential,Residential,Industrial,0.998289167881012,0.7400585412979126
708,Residential/Residential_711.jpg,q6,cheng2020-attn,ViT-S/16,Residential,Residential,Industrial,0.9987323880195618,0.8846474885940552
709,Residential/Residential_1584.jpg,q6,cheng2020-attn,ViT-S/16,Residential,Residential,HerbaceousVegetation,0.9999345541000366,0.8685886859893799
710,Residential/Residential_2763.jpg,q6,cheng2020-attn,ViT-S/16,Residential,Residential,Industrial,0.999930739402771,0.6194756031036377
711,Residential/Residential_678.jpg,q6,cheng2020-attn,ViT-S/16,Residential,Residential,Industrial,0.9995611310005188,0.5340582728385925
712,Residential/Residential_2166.jpg,q6,cheng2020-attn,ViT-S/16,Residential,Residential,Industrial,0.997891366481781,0.8591293692588806
713,Residential/Residential_1982.jpg,q6,cheng2020-attn,ViT-S/16,Residential,Residential,HerbaceousVegetation,0.9994502663612366,0.9222773909568788
714,Residential/Residential_387.jpg,q6,cheng2020-attn,ViT-S/16,Residential,Residential,HerbaceousVegetation,0.999975323677063,0.7313346862792969
715,Residential/Residential_115.jpg,q6,cheng2020-attn,ViT-S/16,Residential,Residential,HerbaceousVegetation,0.9999655485153198,0.9965450167655944
716,Residential/Residential_1666.jpg,q6,cheng2020-attn,ViT-S/16,Residential,Residential,HerbaceousVegetation,0.9999324083328248,0.5846868753433228
717,Residential/Residential_2575.jpg,q6,cheng2020-attn,ViT-S/16,Residential,Residential,Industrial,0.9997276663780212,0.95756733417511
718,Residential/Residential_1732.jpg,q6,cheng2020-attn,ViT-S/16,Residential,Residential,SeaLake,0.892153799533844,0.999566614627838
719,River/River_604.jpg,q6,cheng2020-attn,ViT-S/16,River,River,SeaLake,0.8800226449966431,0.9933428764343262
720,River/River_401.jpg,q6,cheng2020-attn,ViT-S/16,River,River,SeaLake,0.9999862909317015,0.665595531463623
721,River/River_608.jpg,q6,cheng2020-attn,ViT-S/16,River,River,SeaLake,0.9996020197868348,0.7448359727859497
722,River/River_1582.jpg,q6,cheng2020-attn,ViT-S/16,River,River,SeaLake,0.9999784231185912,0.9416103363037108
723,River/River_1186.jpg,q6,cheng2020-attn,ViT-S/16,River,River,AnnualCrop,0.999922513961792,0.8939956426620483
724,River/River_1052.jpg,q6,cheng2020-attn,ViT-S/16,River,River,SeaLake,0.9998999834060668,0.995205819606781
725,River/River_393.jpg,q6,cheng2020-attn,ViT-S/16,River,River,SeaLake,0.999491810798645,0.9995670914649964
726,River/River_2406.jpg,q6,cheng2020-attn,ViT-S/16,River,River,SeaLake,0.9999499320983888,0.9996045231819152
727,River/River_565.jpg,q6,cheng2020-attn,ViT-S/16,River,River,SeaLake,0.9998784065246582,0.4456199705600738
728,River/River_1869.jpg,q6,cheng2020-attn,ViT-S/16,River,River,SeaLake,0.9999101161956788,0.8173893094062805
729,River/River_1116.jpg,q6,cheng2020-attn,ViT-S/16,River,River,SeaLake,0.9962784647941588,0.9811221361160278
730,River/River_1068.jpg,q6,cheng2020-attn,ViT-S/16,River,River,SeaLake,0.9999773502349854,0.9204025864601136
731,River/River_331.jpg,q6,cheng2020-attn,ViT-S/16,River,River,SeaLake,0.9999473094940186,0.9994741082191468
732,River/River_1643.jpg,q6,cheng2020-attn,ViT-S/16,River,River,AnnualCrop,0.9999687671661376,0.5393064618110657
733,River/River_1373.jpg,q6,cheng2020-attn,ViT-S/16,River,River,SeaLake,0.99997079372406,0.9972757697105408
734,River/River_1394.jpg,q6,cheng2020-attn,ViT-S/16,River,River,SeaLake,0.9999778270721436,0.8563356995582581
735,River/River_1046.jpg,q6,cheng2020-attn,ViT-S/16,River,River,SeaLake,0.9999916553497314,0.8710210919380188
736,River/River_1217.jpg,q6,cheng2020-attn,ViT-S/16,River,River,AnnualCrop,0.9995185136795044,0.8457940220832825
737,River/River_2281.jpg,q6,cheng2020-attn,ViT-S/16,River,River,Highway,0.9984410405158995,0.975472629070282
738,River/River_2050.jpg,q6,cheng2020-attn,ViT-S/16,River,River,SeaLake,0.999350130558014,0.9990893602371216
739,River/River_2176.jpg,q6,cheng2020-attn,ViT-S/16,River,River,SeaLake,0.999985933303833,0.9789595007896424
740,River/River_1197.jpg,q6,cheng2020-attn,ViT-S/16,River,River,SeaLake,0.9999879598617554,0.8414015769958496
741,River/River_1517.jpg,q6,cheng2020-attn,ViT-S/16,River,River,SeaLake,0.9999828338623048,0.5351734757423401
742,River/River_1495.jpg,q6,cheng2020-attn,ViT-S/16,River,River,AnnualCrop,0.9998995065689088,0.8200090527534485
743,River/River_427.jpg,q6,cheng2020-attn,ViT-S/16,River,River,SeaLake,0.9999402761459352,0.983424961566925
744,River/River_1444.jpg,q6,cheng2020-attn,ViT-S/16,River,River,SeaLake,0.999881148338318,0.5053324103355408
745,River/River_1476.jpg,q6,cheng2020-attn,ViT-S/16,River,River,SeaLake,0.9999769926071168,0.7713376879692078
746,River/River_1327.jpg,q6,cheng2020-attn,ViT-S/16,River,River,AnnualCrop,0.9978283047676086,0.859148383140564
